run_id,geometry_id,repeat_index,seed,target_distance_m,total_distance_m,waypoint_count,stop_count,speed_m_s,altitude_m,total_flight_time_s,total_flight_energy_wh,mean_power_w,battery_voltage_mean_v,battery_current_mean_a,valid_energy_intervals,sample_count,valid,source_file,source_repeat_index
19523d9d_geometry_0001_01,geometry_0001,1,1181241943,176.015836907929,176.01583690792893,7,7,2.5,13.0,132.79246580000017,10.729122413919605,290.8494466249683,16.285469889640808,17.88770291628316,1327,1328,True,smoke_test0.csv,1
19523d9d_geometry_0002_01,geometry_0002,1,440213415,115.71371810381164,115.71371810381166,3,3,2.5,13.0,95.89232651699967,7.538107145981226,282.97102644161527,16.343938268635643,17.34936352137853,958,959,True,smoke_test0.csv,1
72ab671e_geometry_0001_01,geometry_0001,2,1181241943,176.015836907929,176.01583690792893,7,7,2.5,13.0,133.8133640620008,10.774190508287557,289.66919611428153,16.286173319798785,17.81583979091509,1338,1339,True,smoke_test1.csv,1
72ab671e_geometry_0002_01,geometry_0002,2,440213415,115.71371810381164,115.71371810381166,3,3,2.5,13.0,95.8849034670002,7.535137289497799,282.8585460367438,16.344033146799543,17.3424396261231,958,959,True,smoke_test1.csv,1
72ab671e_geometry_0003_01,geometry_0003,1,373399426,221.32807761607268,221.32807761607268,7,7,2.5,13.0,150.88296706799974,12.290595203730092,293.213383525602,16.259097514522242,18.05982725800684,1508,1509,True,smoke_test1.csv,1
72ab671e_geometry_0004_01,geometry_0004,1,127978094,184.504494689786,184.504494689786,6,6,2.5,13.0,133.88201038599982,10.763775162374731,289.3895856436659,16.28620763640514,17.798251967718567,1338,1339,True,smoke_test1.csv,1
72ab671e_geometry_0005_01,geometry_0005,1,113971123,114.98207596857654,114.98207596857652,2,2,2.5,13.0,92.883853327,7.21464768829859,279.574135637316,16.352179444131348,17.135370924050314,928,929,True,smoke_test1.csv,1
72ab671e_geometry_0006_01,geometry_0006,1,1801823908,163.08841446591825,163.08841446591822,6,6,2.5,13.0,124.88439639700027,10.030791091650196,289.1159864873666,16.298292170723883,17.769094837455153,1248,1249,True,smoke_test1.csv,1
72ab671e_geometry_0007_01,geometry_0007,1,1194819984,151.87344740541658,151.87344740541656,3,3,2.5,13.0,110.88433883199924,8.817761648161015,286.2370186551304,16.320336246404484,17.571090708883954,1108,1109,True,smoke_test1.csv,1
72ab671e_geometry_0008_01,geometry_0008,1,685731524,233.7264153980608,233.72641539806085,8,8,2.5,13.0,159.8827031790006,13.023192145944472,293.2036819435784,16.247172767777528,18.072038368849064,1598,1599,True,smoke_test1.csv,1
72ab671e_geometry_0009_01,geometry_0009,1,1193448329,198.4282366670521,198.4282366670522,7,7,2.5,13.0,140.8835512629994,11.4391415855472,292.26891538104053,16.273298864587982,17.987252927523414,1408,1409,True,smoke_test1.csv,1
72ab671e_geometry_0011_01,geometry_0011,1,415393687,94.83933494082366,94.83933494082363,2,2,2.5,13.0,85.88340830000016,6.597082622216112,276.4759331138297,16.365107872710933,16.935319730120778,858,859,True,smoke_test1.csv,1
72ab671e_geometry_0012_01,geometry_0012,1,1136108454,218.03918875403423,218.0391887540342,4,4,2.5,13.0,140.88305811899954,11.395809341569134,291.1621371727983,16.27501853363492,17.917614886128707,1408,1409,True,smoke_test1.csv,1
72ab671e_geometry_0013_01,geometry_0013,1,1973214822,194.08562126030867,194.08562126030867,8,8,2.5,13.0,143.8840687970005,11.673440239186007,292.0370681526363,16.269737369571814,17.97692798248921,1438,1439,True,smoke_test1.csv,1
72ab671e_geometry_0014_01,geometry_0014,1,1625792787,155.9833116339081,155.9833116339081,6,6,2.5,13.0,121.883970633,9.72434259128279,287.1811603093182,16.30471284160661,17.645003667784284,1218,1219,True,smoke_test1.csv,1
72ab671e_geometry_0015_01,geometry_0015,1,1553210608,168.32650100371632,168.32650100371632,2,2,2.5,13.0,114.88419896599952,9.126222828137347,285.9369375937311,16.31563089203067,17.55758009509899,1148,1149,True,smoke_test1.csv,1
72ab671e_geometry_0018_01,geometry_0018,1,433797840,216.8508353624235,216.8508353624235,2,2,2.5,13.0,133.8842968429999,10.76065187565851,289.305857460356,16.286727415260046,17.792150446506604,1338,1339,True,smoke_test1.csv,1
72ab671e_geometry_0021_01,geometry_0021,1,306671447,187.22240318753617,187.22240318753617,7,7,2.5,13.0,136.88381782800025,11.072179222295713,291.1583798429213,16.279932852467105,17.91261461925733,1368,1369,True,smoke_test1.csv,1
72ab671e_geometry_0022_01,geometry_0022,1,1051454923,204.95791566691776,204.9579156669178,6,6,2.5,13.0,140.88435431200014,11.423330682303936,291.86420714165985,16.274018523877526,17.961724164994198,1408,1409,True,smoke_test1.csv,1
72ab671e_geometry_0023_01,geometry_0023,1,1159417075,153.9616338961785,153.9616338961785,3,3,2.5,13.0,111.8837788410001,8.850815159413653,284.7423823611747,16.320999863107254,17.47975828729643,1118,1119,True,smoke_test1.csv,1
72ab671e_geometry_0024_01,geometry_0024,1,943239974,217.5476610071985,217.54766100719849,7,7,2.5,13.0,148.88433964399883,12.135479770324382,293.40119639036845,16.26141988038216,18.06871684451004,1488,1489,True,smoke_test1.csv,1
72ab671e_geometry_0026_01,geometry_0026,1,1354860540,211.48841504108933,211.48841504108933,3,3,2.5,13.0,134.88419402099862,10.8677386954763,290.0184145266352,16.284375110849616,17.83804992996736,1348,1349,True,smoke_test1.csv,1
72ab671e_geometry_0027_01,geometry_0027,1,906164396,152.12890511708434,152.12890511708437,5,5,2.5,13.0,116.88342270800058,9.349603967147804,287.92338838987433,16.310300154804267,17.684148404922517,1168,1169,True,smoke_test1.csv,1
72ab671e_geometry_0028_01,geometry_0028,1,1351531223,228.1312921413762,228.1312921413762,6,6,2.5,13.0,150.88297105299898,12.256748771672983,292.4056503054716,16.260159843247642,18.009310354947097,1508,1509,True,smoke_test1.csv,1
72ab671e_geometry_0029_01,geometry_0029,1,1699226064,184.8701864471808,184.8701864471808,3,3,2.5,13.0,123.88367496499995,9.934569246563926,288.65384314718085,16.30040111341623,17.738312756947877,1238,1239,True,smoke_test1.csv,1
72ab671e_geometry_0030_01,geometry_0030,1,1137651678,201.03733338629272,201.0373333862928,7,7,2.5,13.0,142.8841152999994,11.548890013842126,290.9428134075466,16.27243813607474,17.907277408348587,1428,1429,True,smoke_test1.csv,1
72ab671e_geometry_0032_01,geometry_0032,1,1715412119,210.09019129609493,210.09019129609493,7,7,2.5,13.0,146.8838920620001,11.890503587552084,291.39251561835323,16.266637280167487,17.940796032375506,1468,1469,True,smoke_test1.csv,1
72ab671e_geometry_0033_01,geometry_0033,1,594130308,127.5821893186488,127.5821893186488,4,4,2.5,13.0,104.88404995199926,8.24906651692666,283.09194769524714,16.331975069582406,17.368836570087222,1048,1049,True,smoke_test1.csv,1
72ab671e_geometry_0034_01,geometry_0034,1,202363285,191.3775201494045,191.3775201494046,6,6,2.5,13.0,135.8840364209991,10.99040921139356,291.1343629615224,16.28137677622859,17.909432956709022,1358,1359,True,smoke_test1.csv,1
72ab671e_geometry_0035_01,geometry_0035,1,687117441,197.26315825683164,197.2631582568316,8,8,2.5,13.0,143.8843793619999,11.70317765350777,292.781257003433,16.26873322540559,18.023342156504448,1438,1439,True,smoke_test1.csv,1
72ab671e_geometry_0036_01,geometry_0036,1,272849424,224.6630982478237,224.66309824782363,8,8,2.5,13.0,155.88417968799877,12.679870177982004,292.7983934892833,16.252968711681746,18.04121190860791,1558,1559,True,smoke_test1.csv,1
72ab671e_geometry_0037_01,geometry_0037,1,2010258946,165.7943143807844,165.7943143807844,5,5,2.5,13.0,122.88526661700053,9.85000040404268,288.52552889573474,16.301709503347645,17.729503212525433,1228,1229,True,smoke_test1.csv,1
72ab671e_geometry_0038_01,geometry_0038,1,49310608,168.13575551825406,168.1357555182541,6,6,2.5,13.0,126.88325765099944,10.156771429893809,288.13302089132344,16.296972450635113,17.71070093806566,1268,1269,True,smoke_test1.csv,1
72ab671e_geometry_0039_01,geometry_0039,1,1146005448,219.891970993934,219.89197099393408,7,7,2.5,13.0,150.88369206700008,12.254154248510774,292.3438533970238,16.260243971352548,18.00561917705043,1508,1509,True,smoke_test1.csv,1
72ab671e_geometry_0040_01,geometry_0040,1,479112937,222.7661663318308,222.7661663318308,8,8,2.5,13.0,154.88485660100014,12.58327383628757,292.44334108030705,16.254776759483185,18.01748826631794,1548,1549,True,smoke_test1.csv,1
72ab671e_geometry_0001_02,geometry_0001,3,1181241943,176.015836907929,176.01583690792893,7,7,2.5,13.0,133.88393752000047,10.7770563647669,289.74724210404435,16.285727457469573,17.820656794078143,1338,1339,True,smoke_test1.csv,2
72ab671e_geometry_0002_02,geometry_0002,3,440213415,115.71371810381164,115.71371810381166,3,3,2.5,13.0,95.883967183001,7.517585930951408,282.20152654414625,16.344879818658757,17.30182435933784,958,959,True,smoke_test1.csv,2
72ab671e_geometry_0003_02,geometry_0003,2,373399426,221.32807761607268,221.32807761607268,7,7,2.5,13.0,150.8842732009998,12.310733617791955,293.6937051374738,16.258454740560946,18.08980736983205,1508,1509,True,smoke_test1.csv,2
72ab671e_geometry_0004_02,geometry_0004,2,127978094,184.504494689786,184.504494689786,6,6,2.5,13.0,132.88409917599893,10.706921506713174,290.0268615903224,16.286698291856062,17.83650824593547,1328,1329,True,smoke_test1.csv,2
72ab671e_geometry_0005_02,geometry_0005,2,113971123,114.98207596857654,114.98207596857652,2,2,2.5,13.0,92.88318394499947,7.260285937517122,281.3423246010494,16.349943735884388,17.244542098468806,928,929,True,smoke_test1.csv,2
72ab671e_geometry_0006_02,geometry_0006,2,1801823908,163.08841446591825,163.08841446591822,6,6,2.5,13.0,124.883590509,9.996750878091165,288.1346850710368,16.29949958501958,17.708166101218175,1248,1249,True,smoke_test1.csv,2
72ab671e_geometry_0007_02,geometry_0007,2,1194819984,151.87344740541658,151.87344740541656,3,3,2.5,13.0,110.88348129199947,8.82961512910843,286.62144299263593,16.319910613559625,17.594886898168095,1108,1109,True,smoke_test1.csv,2
72ab671e_geometry_0008_02,geometry_0008,2,685731524,233.7264153980608,233.72641539806085,8,8,2.5,13.0,158.88303440600066,12.95940241105346,293.6031520523265,16.247981878704362,18.095587960142545,1588,1589,True,smoke_test1.csv,2
72ab671e_geometry_0009_02,geometry_0009,2,1193448329,198.4282366670521,198.4282366670522,7,7,2.5,13.0,140.884038143,11.446105222417634,292.44587879394425,16.273090197398698,17.998289163735336,1408,1409,True,smoke_test1.csv,2
72ab671e_geometry_0011_02,geometry_0011,2,415393687,94.83933494082366,94.83933494082363,2,2,2.5,13.0,84.8851449349986,6.53193653546311,276.9685587770793,16.365791168033162,16.964475390767884,848,849,True,smoke_test1.csv,2
72ab671e_geometry_0012_02,geometry_0012,2,1136108454,218.03918875403423,218.0391887540342,4,4,2.5,13.0,140.8831043609989,11.358153139896013,290.19840243505496,16.276218653909698,17.857614912996908,1408,1409,True,smoke_test1.csv,2
72ab671e_geometry_0013_02,geometry_0013,2,1973214822,194.08562126030867,194.08562126030867,8,8,2.5,13.0,143.88320241400106,11.647996688513654,291.4001566492516,16.270525455806222,17.937275508507994,1438,1439,True,smoke_test1.csv,2
72ab671e_geometry_0014_02,geometry_0014,2,1625792787,155.9833116339081,155.9833116339081,6,6,2.5,13.0,120.88809741600016,9.705508316547691,288.9846928761576,16.30359963763342,17.755615773922752,1208,1209,True,smoke_test1.csv,2
72ab671e_geometry_0015_02,geometry_0015,2,1553210608,168.32650100371632,168.32650100371632,2,2,2.5,13.0,114.88451257999986,9.104263856889768,285.2488708746188,16.316481189379182,17.514934337637133,1148,1149,True,smoke_test1.csv,2
72ab671e_geometry_0018_02,geometry_0018,2,433797840,216.8508353624235,216.8508353624235,2,2,2.5,13.0,133.88286529799916,10.743714775971348,288.850633871299,16.287259951556592,17.763830819665895,1338,1339,True,smoke_test1.csv,2
72ab671e_geometry_0021_02,geometry_0021,2,306671447,187.22240318753617,187.22240318753617,7,7,2.5,13.0,137.88408764200176,11.125144139081977,290.4292043875988,16.279612084071303,17.868614510598608,1378,1379,True,smoke_test1.csv,2
72ab671e_geometry_0022_02,geometry_0022,2,1051454923,204.95791566691776,204.9579156669178,6,6,2.5,13.0,141.8829464650007,11.493758497881029,291.5946648237279,16.272993719518983,17.946327985724444,1418,1419,True,smoke_test1.csv,2
72ab671e_geometry_0023_02,geometry_0023,2,1159417075,153.9616338961785,153.9616338961785,3,3,2.5,13.0,111.884187484,8.83671755969702,284.2886137032589,16.321574482990226,17.45166177234019,1118,1119,True,smoke_test1.csv,2
72ab671e_geometry_0024_02,geometry_0024,2,943239974,217.5476610071985,217.54766100719849,7,7,2.5,13.0,149.88477550700009,12.171418684572854,292.307319934233,16.261497098020588,18.001954235340293,1498,1499,True,smoke_test1.csv,2
72ab671e_geometry_0026_02,geometry_0026,2,1354860540,211.48841504108933,211.48841504108933,3,3,2.5,13.0,134.8853636240001,10.83041164064207,289.0232679661244,16.285692421394952,17.776181950160005,1348,1349,True,smoke_test1.csv,2
72ab671e_geometry_0027_02,geometry_0027,2,906164396,152.12890511708434,152.12890511708437,5,5,2.5,13.0,117.88390369599983,9.38116969111542,286.4458338747491,16.31087522854534,17.593875728844584,1178,1179,True,smoke_test1.csv,2
72ab671e_geometry_0028_02,geometry_0028,2,1351531223,228.1312921413762,228.1312921413762,6,6,2.5,13.0,150.8833920069992,12.2634110608793,292.5647265584038,16.259925909276195,18.019230875083554,1508,1509,True,smoke_test1.csv,2
72ab671e_geometry_0029_02,geometry_0029,2,1699226064,184.8701864471808,184.8701864471808,3,3,2.5,13.0,123.88472117099992,9.950566116880978,289.1185300264774,16.29984503585163,17.76715858455047,1238,1239,True,smoke_test1.csv,2
72ab671e_geometry_0030_02,geometry_0030,2,1137651678,201.03733338629272,201.0373333862928,7,7,2.5,13.0,142.8844003209997,11.55692370772981,291.14563402641454,16.272218399902087,17.919901557115512,1428,1429,True,smoke_test1.csv,2
72ab671e_geometry_0032_02,geometry_0032,2,1715412119,210.09019129609493,210.09019129609493,7,7,2.5,13.0,146.8844726899988,11.94543156740503,292.73812484418653,16.264903456114684,18.02462861414585,1468,1469,True,smoke_test1.csv,2
72ab671e_geometry_0033_02,geometry_0033,2,594130308,127.5821893186488,127.5821893186488,4,4,2.5,13.0,104.88408075599727,8.241665907505661,282.83851533689733,16.332343026043915,17.353135917786762,1048,1049,True,smoke_test1.csv,2
72ab671e_geometry_0034_02,geometry_0034,2,202363285,191.3775201494045,191.3775201494046,6,6,2.5,13.0,135.88383489600164,11.001827528940549,291.43633324148874,16.28101035897744,17.928233615867658,1358,1359,True,smoke_test1.csv,2
72ab671e_geometry_0035_02,geometry_0035,2,687117441,197.26315825683164,197.2631582568316,8,8,2.5,13.0,144.88437500700093,11.7286654048237,291.39340029536595,16.269197461356615,17.93828804849591,1448,1449,True,smoke_test1.csv,2
72ab671e_geometry_0036_02,geometry_0036,2,272849424,224.6630982478237,224.66309824782363,8,8,2.5,13.0,155.88403370000017,12.698778655535184,293.2340839349645,16.252367690100435,18.068395965843152,1558,1559,True,smoke_test1.csv,2
72ab671e_geometry_0037_02,geometry_0037,2,2010258946,165.7943143807844,165.7943143807844,5,5,2.5,13.0,122.8846818359998,9.848550647629184,288.48339619118605,16.301737101704635,17.726907619089495,1228,1229,True,smoke_test1.csv,2
72ab671e_geometry_0038_02,geometry_0038,2,49310608,168.13575551825406,168.1357555182541,6,6,2.5,13.0,125.88342855799785,10.141046177647013,289.97200045312235,16.295949963182565,17.823534123664626,1258,1259,True,smoke_test1.csv,2
72ab671e_geometry_0039_02,geometry_0039,2,1146005448,219.891970993934,219.89197099393408,7,7,2.5,13.0,150.88540362999993,12.250412861733608,292.2543458556538,16.260415625145612,18.000006195046673,1508,1509,True,smoke_test1.csv,2
72ab671e_geometry_0040_02,geometry_0040,2,479112937,222.7661663318308,222.7661663318308,8,8,2.5,13.0,154.88663139799974,12.58851935717993,292.56581667434546,16.25465796946556,18.025119007109943,1548,1549,True,smoke_test1.csv,2
72ab671e_geometry_0001_03,geometry_0001,4,1181241943,176.015836907929,176.01583690792893,7,7,2.5,13.0,132.88317966500108,10.705782723316148,289.99667134879337,16.286668946816565,17.83482277052487,1328,1329,True,smoke_test1.csv,3
72ab671e_geometry_0002_03,geometry_0002,4,440213415,115.71371810381164,115.71371810381166,3,3,2.5,13.0,95.88405181000051,7.518712325800051,282.2427100038376,16.344848585079063,17.3043583060641,958,959,True,smoke_test1.csv,3
72ab671e_geometry_0003_03,geometry_0003,3,373399426,221.32807761607268,221.32807761607268,7,7,2.5,13.0,150.88272007699925,12.30237969636693,293.49457669317724,16.258699932818857,18.07736868886777,1508,1509,True,smoke_test1.csv,3
72ab671e_geometry_0004_03,geometry_0004,3,127978094,184.504494689786,184.504494689786,6,6,2.5,13.0,133.88600885100095,10.761168487993436,289.31983160558974,16.286300268878325,17.793920459293936,1338,1339,True,smoke_test1.csv,3
72ab671e_geometry_0005_03,geometry_0005,3,113971123,114.98207596857654,114.98207596857652,2,2,2.5,13.0,92.88398635600242,7.227895440948303,280.0881532041228,16.3515432971671,17.167093247592256,928,929,True,smoke_test1.csv,3
72ab671e_geometry_0006_03,geometry_0006,3,1801823908,163.08841446591825,163.08841446591822,6,6,2.5,13.0,124.8835728160011,10.039466419054529,289.36588939432994,16.297963943359278,17.784595276519145,1248,1249,True,smoke_test1.csv,3
72ab671e_geometry_0007_03,geometry_0007,3,1194819984,151.87344740541658,151.87344740541656,3,3,2.5,13.0,109.883860836002,8.743638215875093,286.4134418467784,16.321445723682018,17.58070023243296,1098,1099,True,smoke_test1.csv,3
72ab671e_geometry_0008_03,geometry_0008,3,685731524,233.7264153980608,233.72641539806085,8,8,2.5,13.0,159.88399248199858,13.033294926796922,293.43055046869057,16.246868200343872,18.08620974747668,1598,1599,True,smoke_test1.csv,3
72ab671e_geometry_0009_03,geometry_0009,3,1193448329,198.4282366670521,198.4282366670522,7,7,2.5,13.0,140.88438214599955,11.451133272941275,292.5749073575344,16.27291561205223,18.006287707725765,1408,1409,True,smoke_test1.csv,3
72ab671e_geometry_0011_03,geometry_0011,3,415393687,94.83933494082366,94.83933494082363,2,2,2.5,13.0,84.88271950099806,6.550418595255013,277.753299632911,16.36480881159662,17.012861809755805,848,849,True,smoke_test1.csv,3
72ab671e_geometry_0012_03,geometry_0012,3,1136108454,218.03918875403423,218.0391887540342,4,4,2.5,13.0,140.88423818700176,11.351741897874868,290.03513612488626,16.27646850033632,17.847451612596565,1408,1409,True,smoke_test1.csv,3
72ab671e_geometry_0013_03,geometry_0013,3,1973214822,194.08562126030867,194.08562126030867,8,8,2.5,13.0,143.88396953499978,11.647405695153132,291.3855767391278,16.270586594348984,17.93633731889012,1438,1439,True,smoke_test1.csv,3
72ab671e_geometry_0014_03,geometry_0014,3,1625792787,155.9833116339081,155.9833116339081,6,6,2.5,13.0,121.88361525499931,9.773159550444548,288.6228824662648,16.302776000263066,17.73447863313876,1218,1219,True,smoke_test1.csv,3
72ab671e_geometry_0015_03,geometry_0015,3,1553210608,168.32650100371632,168.32650100371632,2,2,2.5,13.0,113.88478822400066,9.089003859464746,287.2705674304601,16.31528259056299,17.638893296521832,1138,1139,True,smoke_test1.csv,3
72ab671e_geometry_0018_03,geometry_0018,3,433797840,216.8508353624235,216.8508353624235,2,2,2.5,13.0,133.88482225500047,10.76276111746712,289.36284208443686,16.286646793812757,17.79568292197227,1338,1339,True,smoke_test1.csv,3
72ab671e_geometry_0021_03,geometry_0021,3,306671447,187.22240318753617,187.22240318753617,7,7,2.5,13.0,137.88304889600113,11.143085227198016,290.89781767806124,16.279082012660613,17.897751539859158,1378,1379,True,smoke_test1.csv,3
72ab671e_geometry_0022_03,geometry_0022,3,1051454923,204.95791566691776,204.9579156669178,6,6,2.5,13.0,141.8853751070019,11.45134721874927,290.51928731551857,16.27437989555504,17.879386493695968,1418,1419,True,smoke_test1.csv,3
72ab671e_geometry_0023_03,geometry_0023,3,1159417075,153.9616338961785,153.9616338961785,3,3,2.5,13.0,111.88431000900164,8.845693637007264,284.5775103548442,16.321168800674453,17.469579595955917,1118,1119,True,smoke_test1.csv,3
72ab671e_geometry_0024_03,geometry_0024,3,943239974,217.5476610071985,217.54766100719849,7,7,2.5,13.0,148.8840005509992,12.140945232658634,293.53313328849265,16.261284880064892,18.07695055931376,1488,1489,True,smoke_test1.csv,3
72ab671e_geometry_0026_03,geometry_0026,3,1354860540,211.48841504108933,211.48841504108933,3,3,2.5,13.0,134.8836699780004,10.85471848461288,289.6718557748652,16.28484584845111,17.81653036109225,1348,1349,True,smoke_test1.csv,3
72ab671e_geometry_0027_03,geometry_0027,3,906164396,152.12890511708434,152.12890511708437,5,5,2.5,13.0,116.88550304100136,9.344208845326008,287.75688184849696,16.310478102763152,17.67386612847728,1168,1169,True,smoke_test1.csv,3
72ab671e_geometry_0028_03,geometry_0028,3,1351531223,228.1312921413762,228.1312921413762,6,6,2.5,13.0,149.88472220500262,12.223920931462953,293.56828676277104,16.259958776177527,18.08040651529928,1498,1499,True,smoke_test1.csv,3
72ab671e_geometry_0029_03,geometry_0029,3,1699226064,184.8701864471808,184.8701864471808,3,3,2.5,13.0,123.88479841200024,9.929228588318876,288.49826387189063,16.300627918566686,17.728659786434303,1238,1239,True,smoke_test1.csv,3
72ab671e_geometry_0030_03,geometry_0030,3,1137651678,201.03733338629272,201.0373333862928,7,7,2.5,13.0,143.8826321339984,11.6334961935773,291.0378383820731,16.27103070304823,17.914565272882964,1438,1439,True,smoke_test1.csv,3
72ab671e_geometry_0032_03,geometry_0032,3,1715412119,210.09019129609493,210.09019129609493,7,7,2.5,13.0,146.8838019879986,11.8990894999897,291.60261022825534,16.266412633710203,17.953866140185326,1468,1469,True,smoke_test1.csv,3
72ab671e_geometry_0033_03,geometry_0033,3,594130308,127.5821893186488,127.5821893186488,4,4,2.5,13.0,103.8834464520005,8.208575137646314,284.4138230499124,16.33170434439607,17.449306631197256,1038,1039,True,smoke_test1.csv,3
72ab671e_geometry_0034_03,geometry_0034,3,202363285,191.3775201494045,191.3775201494046,6,6,2.5,13.0,134.88370611999926,10.92767018668052,291.61814373534054,16.282057099734704,17.938168570233593,1348,1349,True,smoke_test1.csv,3
72ab671e_geometry_0035_03,geometry_0035,3,687117441,197.26315825683164,197.2631582568316,8,8,2.5,13.0,144.8835396120012,11.74665498378091,291.8404467512904,16.268597036168195,17.96614170841631,1448,1449,True,smoke_test1.csv,3
72ab671e_geometry_0036_03,geometry_0036,3,272849424,224.6630982478237,224.66309824782363,8,8,2.5,13.0,154.884131902003,12.652304720284828,294.0476137436564,16.25263022145123,18.11774651499392,1548,1549,True,smoke_test1.csv,3
72ab671e_geometry_0037_03,geometry_0037,3,2010258946,165.7943143807844,165.7943143807844,5,5,2.5,13.0,122.88358832299856,9.802737078170622,287.1401301394343,16.30348167698785,17.643498356091094,1228,1229,True,smoke_test1.csv,3
72ab671e_geometry_0038_03,geometry_0038,3,49310608,168.13575551825406,168.1357555182541,6,6,2.5,13.0,126.8835933329974,10.159734866475503,288.2169169568408,16.29683294363901,17.715917650313713,1268,1269,True,smoke_test1.csv,3
72ab671e_geometry_0039_03,geometry_0039,3,1146005448,219.891970993934,219.89197099393408,7,7,2.5,13.0,150.88357779599755,12.261555472113905,292.52087119307225,16.260031258372617,18.016653016046668,1508,1509,True,smoke_test1.csv,3
72ab671e_geometry_0040_03,geometry_0040,3,479112937,222.7661663318308,222.7661663318308,8,8,2.5,13.0,154.8837529299999,12.584621216943086,292.4747451383322,16.254729005580874,18.019463735248404,1548,1549,True,smoke_test1.csv,3
c8310217_geometry_0001_01,geometry_0001,5,1181241943,176.015836907929,176.01583690792893,7,7,2.5,13.0,133.16863920600008,10.759094648674628,290.7710768214854,16.28599404859113,17.883407962349086,1331,1332,True,smoke_test2.csv,1
c8310217_geometry_0002_01,geometry_0002,5,440213415,115.71371810381164,115.71371810381166,3,3,2.5,13.0,96.88616314899993,7.5848545469569535,281.7874786326419,16.344132871204607,17.2775434525251,968,969,True,smoke_test2.csv,1
c8310217_geometry_0003_01,geometry_0003,4,373399426,221.32807761607268,221.32807761607268,7,7,2.5,13.0,150.8842672030005,12.3141102787627,293.77451343527053,16.258372527388566,18.09481735044635,1508,1509,True,smoke_test2.csv,1
c8310217_geometry_0004_01,geometry_0004,4,127978094,184.504494689786,184.504494689786,6,6,2.5,13.0,133.8837334609998,10.763497685215176,289.3829540512276,16.286201680748206,17.797833776806744,1338,1339,True,smoke_test2.csv,1
c8310217_geometry_0005_01,geometry_0005,4,113971123,114.98207596857654,114.98207596857652,2,2,2.5,13.0,92.88320252999983,7.219737808417406,279.772045065534,16.35197063565126,17.147566855186344,928,929,True,smoke_test2.csv,1
c8310217_geometry_0006_01,geometry_0006,4,1801823908,163.08841446591825,163.08841446591822,6,6,2.5,13.0,123.89546511500156,9.953158416635462,289.1648856844623,16.299585936625608,17.770750193849892,1238,1239,True,smoke_test2.csv,1
c8310217_geometry_0007_01,geometry_0007,4,1194819984,151.87344740541658,151.87344740541656,3,3,2.5,13.0,110.89232334600092,8.763704027757965,284.4588654546773,16.322632879905598,17.460946376033203,1108,1109,True,smoke_test2.csv,1
c8310217_geometry_0008_01,geometry_0008,4,685731524,233.7264153980608,233.72641539806085,8,8,2.5,13.0,158.88387173299998,12.984242167824409,294.1665740411248,16.247210978561412,18.130773648436787,1588,1589,True,smoke_test2.csv,1
c8310217_geometry_0009_01,geometry_0009,4,1193448329,198.4282366670521,198.4282366670522,7,7,2.5,13.0,141.88473466100186,11.473069958892408,291.06967187899954,16.27348421458378,17.913995299081385,1418,1419,True,smoke_test2.csv,1
c8310217_geometry_0011_01,geometry_0011,4,415393687,94.83933494082366,94.83933494082363,2,2,2.5,13.0,84.88288223299969,6.568116305030425,278.5034038595245,16.363850030797952,17.059127978897173,848,849,True,smoke_test2.csv,1
c8310217_geometry_0012_01,geometry_0012,4,1136108454,218.03918875403423,218.0391887540342,4,4,2.5,13.0,140.88404413199896,11.366427374543283,290.41117270805074,16.27599297354964,17.87087252291912,1408,1409,True,smoke_test2.csv,1
c8310217_geometry_0013_01,geometry_0013,4,1973214822,194.08562126030867,194.08562126030867,8,8,2.5,13.0,142.88320347099943,11.614698907016171,292.6006246017537,16.270326879993863,18.010636327789538,1428,1429,True,smoke_test2.csv,1
c8310217_geometry_0014_01,geometry_0014,4,1625792787,155.9833116339081,155.9833116339081,6,6,2.5,13.0,121.88416006699843,9.742265430240774,287.7099880055312,16.30394828740058,17.677842096802248,1218,1219,True,smoke_test2.csv,1
c8310217_geometry_0015_01,geometry_0015,4,1553210608,168.32650100371632,168.32650100371632,2,2,2.5,13.0,113.88586883199967,9.062055377413593,286.4192553424713,16.316323880672037,17.586154055161053,1138,1139,True,smoke_test2.csv,1
c8310217_geometry_0018_01,geometry_0018,4,433797840,216.8508353624235,216.8508353624235,2,2,2.5,13.0,133.8840013150002,10.770303782444945,289.56557140827374,16.286330860528242,17.808289314647322,1338,1339,True,smoke_test2.csv,1
c8310217_geometry_0021_01,geometry_0021,4,306671447,187.22240318753617,187.22240318753617,7,7,2.5,13.0,136.8852210389996,11.104032155968792,291.996106677609,16.27895110431947,17.96469643548773,1368,1369,True,smoke_test2.csv,1
c8310217_geometry_0022_01,geometry_0022,4,1051454923,204.95791566691776,204.9579156669178,6,6,2.5,13.0,141.88360957199984,11.486725235530074,291.41597193891533,16.273217814837317,17.935207452459643,1418,1419,True,smoke_test2.csv,1
c8310217_geometry_0023_01,geometry_0023,4,1159417075,153.9616338961785,153.9616338961785,3,3,2.5,13.0,112.88471454799948,8.926794916338661,284.6433523192654,16.319901543237975,17.474950922153184,1128,1129,True,smoke_test2.csv,1
c8310217_geometry_0024_01,geometry_0024,4,943239974,217.5476610071985,217.54766100719849,7,7,2.5,13.0,149.8841959240017,12.160141606193012,292.0352717418806,16.26189272335325,17.984996243712402,1498,1499,True,smoke_test2.csv,1
c8310217_geometry_0026_01,geometry_0026,4,1354860540,211.48841504108933,211.48841504108933,3,3,2.5,13.0,133.88437508700008,10.814184561099063,290.7447317351853,16.284751359342728,17.881866624009884,1338,1339,True,smoke_test2.csv,1
c8310217_geometry_0027_01,geometry_0027,4,906164396,152.12890511708434,152.12890511708437,5,5,2.5,13.0,116.88399585700245,9.317662840007342,286.9406780493068,16.31154141780961,17.623215978042605,1168,1169,True,smoke_test2.csv,1
c8310217_geometry_0028_01,geometry_0028,4,1351531223,228.1312921413762,228.1312921413762,6,6,2.5,13.0,149.8842362439973,12.2184479888143,293.4364631759525,16.260155544828145,18.07218105065636,1498,1499,True,smoke_test2.csv,1
c8310217_geometry_0029_01,geometry_0029,4,1699226064,184.8701864471808,184.8701864471808,3,3,2.5,13.0,123.8844598320029,9.957068811206003,289.3074782019983,16.29958837045788,17.77889382362943,1238,1239,True,smoke_test2.csv,1
c8310217_geometry_0030_01,geometry_0030,4,1137651678,201.03733338629272,201.0373333862928,7,7,2.5,13.0,142.8838274049995,11.555893411761636,291.1193519821241,16.272234518266043,17.91826409170309,1428,1429,True,smoke_test2.csv,1
c8310217_geometry_0032_01,geometry_0032,4,1715412119,210.09019129609493,210.09019129609493,7,7,2.5,13.0,145.88445922100072,11.871729593771722,292.9258106698356,16.265954171246744,18.034934493758403,1458,1459,True,smoke_test2.csv,1
c8310217_geometry_0033_01,geometry_0033,4,594130308,127.5821893186488,127.5821893186488,4,4,2.5,13.0,104.88426002400227,8.245470564727572,282.9689095536961,16.332191483649442,17.361229270575897,1048,1049,True,smoke_test2.csv,1
c8310217_geometry_0034_01,geometry_0034,4,202363285,191.3775201494045,191.3775201494046,6,6,2.5,13.0,135.88503100899834,10.996799031519172,291.30363117299146,16.28116338475826,17.9199775174929,1358,1359,True,smoke_test2.csv,1
c8310217_geometry_0035_01,geometry_0035,4,687117441,197.26315825683164,197.2631582568316,8,8,2.5,13.0,144.88410380200003,11.723579167171872,291.26690747812427,16.269346491232504,17.93040674961872,1448,1449,True,smoke_test2.csv,1
c8310217_geometry_0036_01,geometry_0036,4,272849424,224.6630982478237,224.66309824782363,8,8,2.5,13.0,154.88411365399952,12.66035023879424,294.23517519906545,16.252383629224468,18.12943792785653,1548,1549,True,smoke_test2.csv,1
c8310217_geometry_0037_01,geometry_0037,4,2010258946,165.7943143807844,165.7943143807844,5,5,2.5,13.0,122.88440471600188,9.81843297029588,287.6003611414002,16.302850270096705,17.672090684014478,1228,1229,True,smoke_test2.csv,1
c8310217_geometry_0038_01,geometry_0038,4,49310608,168.13575551825406,168.1357555182541,6,6,2.5,13.0,126.88363670400211,10.169463954415027,288.49308631135307,16.29650119273469,17.73304142236968,1268,1269,True,smoke_test2.csv,1
c8310217_geometry_0039_01,geometry_0039,4,1146005448,219.891970993934,219.89197099393408,7,7,2.5,13.0,150.88646680999955,12.287713469046013,293.14443724065273,16.259210835552278,18.055513136824526,1508,1509,True,smoke_test2.csv,1
c8310217_geometry_0040_01,geometry_0040,4,479112937,222.7661663318308,222.7661663318308,8,8,2.5,13.0,153.8853554419984,12.573663918832391,294.1192329347872,16.253985824485813,18.120642827689416,1538,1539,True,smoke_test2.csv,1
c8310217_geometry_0001_02,geometry_0001,6,1181241943,176.015836907929,176.01583690792893,7,7,2.5,13.0,132.88419300999885,10.742873783951268,291.0008607637893,16.285379992471412,17.89726069952488,1328,1329,True,smoke_test2.csv,2
c8310217_geometry_0002_02,geometry_0002,6,440213415,115.71371810381164,115.71371810381166,3,3,2.5,13.0,96.88414898800328,7.544652717543544,280.2934267322603,16.346054472790414,17.18519058449519,968,969,True,smoke_test2.csv,2
c8310217_geometry_0003_02,geometry_0003,5,373399426,221.32807761607268,221.32807761607268,7,7,2.5,13.0,151.88388720799776,12.328306678752549,292.1764072703985,16.259137723067624,17.996569671237094,1518,1519,True,smoke_test2.csv,2
c8310217_geometry_0004_02,geometry_0004,5,127978094,184.504494689786,184.504494689786,6,6,2.5,13.0,133.8839782230025,10.778985516733789,289.79885661364494,16.285621395210796,17.823696349364237,1338,1339,True,smoke_test2.csv,2
c8310217_geometry_0005_02,geometry_0005,5,113971123,114.98207596857654,114.98207596857652,2,2,2.5,13.0,92.884507984003,7.226234351154351,280.0232157099934,16.351663831745718,17.163078234137004,928,929,True,smoke_test2.csv,2
c8310217_geometry_0006_02,geometry_0006,5,1801823908,163.08841446591825,163.08841446591822,6,6,2.5,13.0,124.88366598399809,9.985833324961597,287.8199718785519,16.299906343531855,17.688630468773546,1248,1249,True,smoke_test2.csv,2
c8310217_geometry_0007_02,geometry_0007,5,1194819984,151.87344740541658,151.87344740541656,3,3,2.5,13.0,110.88345539799776,8.766040632351281,284.5578724918359,16.322553522851255,17.467087062490588,1108,1109,True,smoke_test2.csv,2
c8310217_geometry_0008_02,geometry_0008,5,685731524,233.7264153980608,233.72641539806085,8,8,2.5,13.0,158.8828050359989,12.998648206018972,294.4923905637763,16.246847866915395,18.15113238827604,1588,1589,True,smoke_test2.csv,2
c8310217_geometry_0009_02,geometry_0009,5,1193448329,198.4282366670521,198.4282366670522,7,7,2.5,13.0,141.8842895359994,11.4647561067111,290.8583502416712,16.273809814721954,17.900831175683205,1418,1419,True,smoke_test2.csv,2
c8310217_geometry_0011_02,geometry_0011,5,415393687,94.83933494082366,94.83933494082363,2,2,2.5,13.0,84.88409554300233,6.570135897298287,278.58768804079847,16.36369338557914,17.06432237198798,848,849,True,smoke_test2.csv,2
c8310217_geometry_0012_02,geometry_0012,5,1136108454,218.03918875403423,218.0391887540342,4,4,2.5,13.0,140.88431128699813,11.361464046777073,290.2836398846597,16.276095894569195,17.86293783574514,1408,1409,True,smoke_test2.csv,2
c8310217_geometry_0013_02,geometry_0013,5,1973214822,194.08562126030867,194.08562126030867,8,8,2.5,13.0,143.88418737900065,11.645420091565695,291.3358477103908,16.270615094564622,17.93325877583911,1438,1439,True,smoke_test2.csv,2
c8310217_geometry_0014_02,geometry_0014,5,1625792787,155.9833116339081,155.9833116339081,6,6,2.5,13.0,121.88315916600186,9.780057058522443,288.8266016340009,16.302547927368263,17.74711198426349,1218,1219,True,smoke_test2.csv,2
c8310217_geometry_0015_02,geometry_0015,5,1553210608,168.32650100371632,168.32650100371632,2,2,2.5,13.0,113.883795482001,9.083422572054678,287.0942229912277,16.31543627195551,17.627980287441098,1138,1139,True,smoke_test2.csv,2
c8310217_geometry_0018_02,geometry_0018,5,433797840,216.8508353624235,216.8508353624235,2,2,2.5,13.0,133.88522455299972,10.806937995746674,290.550162674834,16.285133699412842,17.869521605108236,1338,1339,True,smoke_test2.csv,2
c8310217_geometry_0021_02,geometry_0021,5,306671447,187.22240318753617,187.22240318753617,7,7,2.5,13.0,136.8833679649979,11.07272084159906,291.1730562066374,16.279967184742496,17.91352040596562,1368,1369,True,smoke_test2.csv,2
c8310217_geometry_0022_02,geometry_0022,5,1051454923,204.95791566691776,204.9579156669178,6,6,2.5,13.0,140.88379997500306,11.440832870542115,292.31177679895296,16.273418111103997,17.989595066650253,1408,1409,True,smoke_test2.csv,2
c8310217_geometry_0023_02,geometry_0023,5,1159417075,153.9616338961785,153.9616338961785,3,3,2.5,13.0,111.88429256900054,8.85259636233675,284.7994207450161,16.320897998076873,17.483315078406807,1118,1119,True,smoke_test2.csv,2
c8310217_geometry_0024_02,geometry_0024,5,943239974,217.5476610071985,217.54766100719849,7,7,2.5,13.0,149.88394169399908,12.178272435467736,292.4719475010007,16.261407076000292,18.01220768430159,1498,1499,True,smoke_test2.csv,2
c8310217_geometry_0026_02,geometry_0026,5,1354860540,211.48841504108933,211.48841504108933,3,3,2.5,13.0,134.88465327299855,10.837011496093815,289.1993600156425,16.285415902501835,17.787130797059557,1348,1349,True,smoke_test2.csv,2
c8310217_geometry_0027_02,geometry_0027,5,906164396,152.12890511708434,152.12890511708437,5,5,2.5,13.0,117.88434892000078,9.38623232496588,286.60044502712134,16.310650460693772,17.60346015208449,1178,1179,True,smoke_test2.csv,2
c8310217_geometry_0028_02,geometry_0028,5,1351531223,228.1312921413762,228.1312921413762,6,6,2.5,13.0,149.88419701800012,12.224964264165752,293.5931751412701,16.259920084611664,18.081974204895573,1498,1499,True,smoke_test2.csv,2
c8310217_geometry_0029_02,geometry_0029,5,1699226064,184.8701864471808,184.8701864471808,3,3,2.5,13.0,123.88494426399848,9.949537673960297,289.08854221984006,16.299885382663827,17.765310255430272,1238,1239,True,smoke_test2.csv,2
c8310217_geometry_0030_02,geometry_0030,5,1137651678,201.03733338629272,201.0373333862928,7,7,2.5,13.0,142.88381674399716,11.54862920863484,290.9365314903153,16.272451471498247,17.90688551552046,1428,1429,True,smoke_test2.csv,2
c8310217_geometry_0032_02,geometry_0032,5,1715412119,210.09019129609493,210.09019129609493,7,7,2.5,13.0,145.88414937900234,11.87769774049518,293.0737279524517,16.26581367848261,18.044153130768382,1458,1459,True,smoke_test2.csv,2
c8310217_geometry_0033_02,geometry_0033,5,594130308,127.5821893186488,127.5821893186488,4,4,2.5,13.0,104.88508557000024,8.256792537447664,283.3578525606256,16.331756764531022,17.385280811155944,1048,1049,True,smoke_test2.csv,2
c8310217_geometry_0034_02,geometry_0034,5,202363285,191.3775201494045,191.3775201494046,6,6,2.5,13.0,135.88332407199778,10.997809374206025,291.3306039895752,16.28117810600904,17.921662580230116,1358,1359,True,smoke_test2.csv,2
c8310217_geometry_0035_02,geometry_0035,5,687117441,197.26315825683164,197.2631582568316,8,8,2.5,13.0,144.883286819997,11.743715965416063,291.7670117716469,16.268678492723126,17.961566158621125,1448,1449,True,smoke_test2.csv,2
c8310217_geometry_0036_02,geometry_0036,5,272849424,224.6630982478237,224.66309824782363,8,8,2.5,13.0,155.88507394000044,12.725588288767728,293.8535755756522,16.251566522927373,18.10707460966073,1558,1559,True,smoke_test2.csv,2
c8310217_geometry_0037_02,geometry_0037,5,2010258946,165.7943143807844,165.7943143807844,5,5,2.5,13.0,122.88436591500069,9.815538458487064,287.5160691038065,16.302930814837712,17.66686693486205,1228,1229,True,smoke_test2.csv,2
c8310217_geometry_0038_02,geometry_0038,5,49310608,168.13575551825406,168.1357555182541,6,6,2.5,13.0,126.88402871700237,10.153330633366448,288.035679740582,16.297093769431207,17.704633177336603,1268,1269,True,smoke_test2.csv,2
c8310217_geometry_0039_02,geometry_0039,5,1146005448,219.891970993934,219.89197099393408,7,7,2.5,13.0,150.88520021099976,12.289952238414044,293.1981655496472,16.25917836891412,18.05886637445137,1508,1509,True,smoke_test2.csv,2
c8310217_geometry_0040_02,geometry_0040,5,479112937,222.7661663318308,222.7661663318308,8,8,2.5,13.0,153.88548113299476,12.578726041178426,294.237882812374,16.25375967911887,18.128043773268782,1538,1539,True,smoke_test2.csv,2
c8310217_geometry_0001_03,geometry_0001,7,1181241943,176.015836907929,176.01583690792893,7,7,2.5,13.0,133.88514110700635,10.795154888194638,290.2337929079182,16.28507545619335,17.850925641085695,1338,1339,True,smoke_test2.csv,3
c8310217_geometry_0002_03,geometry_0002,7,440213415,115.71371810381164,115.71371810381166,3,3,2.5,13.0,95.88418304999504,7.523048245663106,282.40548629996573,16.34461287736147,17.31442084035237,958,959,True,smoke_test2.csv,3
c8310217_geometry_0003_03,geometry_0003,6,373399426,221.32807761607268,221.32807761607268,7,7,2.5,13.0,150.8845858900022,12.31348711391852,293.7595238410896,16.258333461501095,18.093889569741474,1508,1509,True,smoke_test2.csv,3
c8310217_geometry_0004_03,geometry_0004,6,127978094,184.504494689786,184.504494689786,6,6,2.5,13.0,133.88350699400326,10.76149776701044,289.32855756505023,16.286267383851783,17.79447307077371,1338,1339,True,smoke_test2.csv,3
c8310217_geometry_0005_03,geometry_0005,6,113971123,114.98207596857654,114.98207596857652,2,2,2.5,13.0,92.88349557600304,7.256330301134197,281.19006554455825,16.35016977620202,17.2351341179549,928,929,True,smoke_test2.csv,3
c8310217_geometry_0006_03,geometry_0006,6,1801823908,163.08841446591825,163.08841446591822,6,6,2.5,13.0,123.88405835499724,9.963721552571648,289.5012153450895,16.299069386898655,17.7916541942384,1238,1239,True,smoke_test2.csv,3
c8310217_geometry_0007_03,geometry_0007,6,1194819984,151.87344740541658,151.87344740541656,3,3,2.5,13.0,110.88440639100008,8.768198206145597,284.62842540557125,16.322382155574044,17.471478357897674,1108,1109,True,smoke_test2.csv,3
c8310217_geometry_0008_03,geometry_0008,6,685731524,233.7264153980608,233.72641539806085,8,8,2.5,13.0,159.88396611200005,13.018561270427911,293.0996610484443,16.2473159465587,18.065540554487683,1598,1599,True,smoke_test2.csv,3
c8310217_geometry_0009_03,geometry_0009,6,1193448329,198.4282366670521,198.4282366670522,7,7,2.5,13.0,141.88509769699886,11.461765569533268,290.78308583823355,16.273872487052717,17.896151820760828,1418,1419,True,smoke_test2.csv,3
c8310217_geometry_0011_03,geometry_0011,6,415393687,94.83933494082366,94.83933494082363,2,2,2.5,13.0,84.88493191999441,6.577671026460763,278.90928506890896,16.363271693037593,17.08418098200898,848,849,True,smoke_test2.csv,3
c8310217_geometry_0012_03,geometry_0012,6,1136108454,218.03918875403423,218.0391887540342,4,4,2.5,13.0,140.8835356299969,11.361065581993907,290.27378152375627,16.27610583200448,17.86232040227094,1408,1409,True,smoke_test2.csv,3
c8310217_geometry_0013_03,geometry_0013,6,1973214822,194.08562126030867,194.08562126030867,8,8,2.5,13.0,142.88305292900623,11.594245848142084,292.0855116250572,16.270936394672113,17.978544016185552,1428,1429,True,smoke_test2.csv,3
c8310217_geometry_0014_03,geometry_0014,6,1625792787,155.9833116339081,155.9833116339081,6,6,2.5,13.0,121.88338952100456,9.728432538949688,287.301739900346,16.304489709980864,17.652485224044742,1218,1219,True,smoke_test2.csv,3
c8310217_geometry_0015_03,geometry_0015,6,1553210608,168.32650100371632,168.32650100371632,2,2,2.5,13.0,114.88425876800466,9.12759213223058,285.980030271509,16.315597823020994,17.560278072752208,1148,1149,True,smoke_test2.csv,3
c8310217_geometry_0018_03,geometry_0018,6,433797840,216.8508353624235,216.8508353624235,2,2,2.5,13.0,133.8851030309961,10.792076951955284,290.1511147991739,16.28564008409359,17.844689647237963,1338,1339,True,smoke_test2.csv,3
c8310217_geometry_0021_03,geometry_0021,6,306671447,187.22240318753617,187.22240318753617,7,7,2.5,13.0,136.8848189650016,11.090823141213413,291.6479680532405,16.279361613394137,17.94305288064558,1368,1369,True,smoke_test2.csv,3
c8310217_geometry_0022_03,geometry_0022,6,1051454923,204.95791566691776,204.9579156669178,6,6,2.5,13.0,140.88377759199648,11.444516006127682,292.40644692441066,16.273231407528318,17.995499912387643,1408,1409,True,smoke_test2.csv,3
c8310217_geometry_0023_03,geometry_0023,6,1159417075,153.9616338961785,153.9616338961785,3,3,2.5,13.0,111.88383991499722,8.845673488225074,284.5772450256438,16.321179484554015,17.469543808933025,1118,1119,True,smoke_test2.csv,3
c8310217_geometry_0024_03,geometry_0024,6,943239974,217.5476610071985,217.54766100719849,7,7,2.5,13.0,148.88276048900298,12.120207255575034,293.0318565088068,16.26192293365663,18.04570810169562,1488,1489,True,smoke_test2.csv,3
c8310217_geometry_0026_03,geometry_0026,6,1354860540,211.48841504108933,211.48841504108933,3,3,2.5,13.0,134.88400221000484,10.884185699744297,290.45824692555874,16.283769476051415,17.865425818690202,1348,1349,True,smoke_test2.csv,3
c8310217_geometry_0027_03,geometry_0027,6,906164396,152.12890511708434,152.12890511708437,5,5,2.5,13.0,117.88293617299496,9.37463422570272,286.24654108044984,16.311174651543098,17.581509336279396,1178,1179,True,smoke_test2.csv,3
c8310217_geometry_0028_03,geometry_0028,6,1351531223,228.1312921413762,228.1312921413762,6,6,2.5,13.0,150.88384764100192,12.260705421496882,292.50001706934387,16.26004253688279,18.01520833733996,1508,1509,True,smoke_test2.csv,3
c8310217_geometry_0029_03,geometry_0029,6,1699226064,184.8701864471808,184.8701864471808,3,3,2.5,13.0,123.88362160999532,9.956125444842687,289.27971904657767,16.29961013947888,17.777182768245588,1238,1239,True,smoke_test2.csv,3
c8310217_geometry_0030_03,geometry_0030,6,1137651678,201.03733338629272,201.0373333862928,7,7,2.5,13.0,142.8839911230025,11.572214111162582,291.5302968695632,16.271743255198793,17.943841439118497,1428,1429,True,smoke_test2.csv,3
c8310217_geometry_0032_03,geometry_0032,6,1715412119,210.09019129609493,210.09019129609493,7,7,2.5,13.0,146.88482146400202,11.905338931797358,291.7560272870127,16.266189319410643,17.963437289369804,1468,1469,True,smoke_test2.csv,3
c8310217_geometry_0033_03,geometry_0033,6,594130308,127.5821893186488,127.5821893186488,4,4,2.5,13.0,103.88431096300336,8.19566785092111,283.9669763302549,16.33222890749244,17.421655035254126,1038,1039,True,smoke_test2.csv,3
c8310217_geometry_0034_03,geometry_0034,6,202363285,191.3775201494045,191.3775201494046,6,6,2.5,13.0,134.88399957500224,10.922150029229412,291.4717048991396,16.282263961520524,17.929058169505613,1348,1349,True,smoke_test2.csv,3
c8310217_geometry_0035_03,geometry_0035,6,687117441,197.26315825683164,197.2631582568316,8,8,2.5,13.0,144.8877697229982,11.768546293741895,292.3743563890093,16.267937318632075,17.99937844171534,1448,1449,True,smoke_test2.csv,3
c8310217_geometry_0036_03,geometry_0036,6,272849424,224.6630982478237,224.66309824782363,8,8,2.5,13.0,154.8834610289996,12.67057776894251,294.47257309674075,16.252081492395074,18.144292680692143,1548,1549,True,smoke_test2.csv,3
c8310217_geometry_0037_03,geometry_0037,6,2010258946,165.7943143807844,165.7943143807844,5,5,2.5,13.0,122.88363930299964,9.83959043026946,288.2202149753727,16.30205528749694,17.71057725104862,1228,1229,True,smoke_test2.csv,3
c8310217_geometry_0038_03,geometry_0038,6,49310608,168.13575551825406,168.1357555182541,6,6,2.5,13.0,126.88419710900052,10.152084055209302,288.0003258592603,16.297147399144816,17.70245823677456,1268,1269,True,smoke_test2.csv,3
c8310217_geometry_0039_03,geometry_0039,6,1146005448,219.891970993934,219.89197099393408,7,7,2.5,13.0,150.8843651979987,12.314060787103822,293.7730338837007,16.258445454086193,18.09472456836617,1508,1509,True,smoke_test2.csv,3
c8310217_geometry_0040_03,geometry_0040,6,479112937,222.7661663318308,222.7661663318308,8,8,2.5,13.0,154.8843138000011,12.61197224743144,293.110780102313,16.25392975754858,18.059140927002574,1548,1549,True,smoke_test2.csv,3
f42a50ab_geometry_0001_01,geometry_0001,8,1181241943,176.015836907929,176.01583690792893,7,7,2.5,13.0,132.92671577199985,10.74463282859341,290.8340036643008,16.285790249817353,17.887014635517858,1329,1330,True,mission_dataset.csv,1
f42a50ab_geometry_0002_01,geometry_0002,8,440213415,115.71371810381164,115.71371810381166,3,3,2.5,13.0,96.8861574020002,7.555624683129265,280.7023246671138,16.345493060762546,17.210463996326897,968,969,True,mission_dataset.csv,1
f42a50ab_geometry_0003_01,geometry_0003,7,373399426,221.32807761607268,221.32807761607268,7,7,2.5,13.0,151.88834959799988,12.326483795246444,292.1335314284026,16.2592423723433,17.993877174721455,1518,1519,True,mission_dataset.csv,1
f42a50ab_geometry_0004_01,geometry_0004,7,127978094,184.504494689786,184.504494689786,6,6,2.5,13.0,132.8900534029999,10.73573969682185,290.80975524424747,16.285732912245866,17.88519149035092,1328,1329,True,mission_dataset.csv,1
f42a50ab_geometry_0005_01,geometry_0005,7,113971123,114.98207596857654,114.98207596857652,2,2,2.5,13.0,93.88855703800004,7.278598514241273,279.346188334474,16.35139311605425,17.12243030084444,937,938,True,mission_dataset.csv,1
f42a50ab_geometry_0006_01,geometry_0006,7,1801823908,163.08841446591825,163.08841446591822,6,6,2.5,13.0,124.88860654699988,10.03134253462514,289.363275721669,16.29817864222404,17.784286445287318,1247,1248,True,mission_dataset.csv,1
f42a50ab_geometry_0007_01,geometry_0007,7,1194819984,151.87344740541658,151.87344740541656,3,3,2.5,13.0,110.88950179799986,8.772836926874303,284.7777799171124,16.32226314493081,17.48073901193732,1108,1109,True,mission_dataset.csv,1
f42a50ab_geometry_0008_01,geometry_0008,7,685731524,233.7264153980608,233.72641539806085,8,8,2.5,13.0,158.88951738299988,12.99900524956213,294.5006839520671,16.246947299916464,18.15162953242069,1588,1589,True,mission_dataset.csv,1
f42a50ab_geometry_0009_01,geometry_0009,7,1193448329,198.4282366670521,198.4282366670522,7,7,2.5,13.0,141.89536391599995,11.484204024569836,291.336255465177,16.273253816546816,17.930570375859485,1418,1419,True,mission_dataset.csv,1
f42a50ab_geometry_0011_01,geometry_0011,7,415393687,94.83933494082366,94.83933494082363,2,2,2.5,13.0,86.88954697300005,6.720623750301392,278.4116376778699,16.361415053127274,17.056029524838486,868,869,True,mission_dataset.csv,1
f42a50ab_geometry_0013_01,geometry_0013,7,1973214822,194.08562126030867,194.08562126030867,8,8,2.5,13.0,143.8891917850001,11.642499105128394,291.2620251339196,16.270728350514087,17.928672236046747,1438,1439,True,mission_dataset.csv,1
f42a50ab_geometry_0014_01,geometry_0014,7,1625792787,155.9833116339081,155.9833116339081,6,6,2.5,13.0,121.886917455,9.725579854152594,287.2199073020706,16.304646405164487,17.647423666920986,1218,1219,True,mission_dataset.csv,1
f42a50ab_geometry_0015_01,geometry_0015,7,1553210608,168.32650100371632,168.32650100371632,2,2,2.5,13.0,114.88755812199996,9.112677999890268,285.51442499047835,16.3162601195386,17.531400766674334,1148,1149,True,mission_dataset.csv,1
f42a50ab_geometry_0018_01,geometry_0018,7,433797840,216.8508353624235,216.8508353624235,2,2,2.5,13.0,133.88821561399982,10.7863617718827,289.99673495739177,16.28586334644457,17.8351153463537,1338,1339,True,mission_dataset.csv,1
f42a50ab_geometry_0021_01,geometry_0021,7,306671447,187.22240318753617,187.22240318753617,7,7,2.5,13.0,137.8881882679998,11.117647984204512,290.23380415423327,16.27981439995714,17.8564752969645,1378,1379,True,mission_dataset.csv,1
f42a50ab_geometry_0022_01,geometry_0022,7,1051454923,204.95791566691776,204.9579156669178,6,6,2.5,13.0,141.88792243299986,11.503689810510846,291.8456702512308,16.27271324114702,17.96193749652132,1418,1419,True,mission_dataset.csv,1
f42a50ab_geometry_0023_01,geometry_0023,7,1159417075,153.9616338961785,153.9616338961785,3,3,2.5,13.0,111.8876111479999,8.837441776520045,284.31287073077766,16.321572725638628,17.45318098657226,1118,1119,True,mission_dataset.csv,1
f42a50ab_geometry_0024_01,geometry_0024,7,943239974,217.5476610071985,217.54766100719849,7,7,2.5,13.0,149.8928268029999,12.153711332309008,291.87284437265987,16.262160197506752,17.97484946121189,1498,1499,True,mission_dataset.csv,1
f42a50ab_geometry_0026_01,geometry_0026,7,1354860540,211.48841504108933,211.48841504108933,3,3,2.5,13.0,134.88741542499974,10.835388956542596,289.15547797143944,16.2854640938071,17.78441763525101,1348,1349,True,mission_dataset.csv,1
f42a50ab_geometry_0027_01,geometry_0027,7,906164396,152.12890511708434,152.12890511708437,5,5,2.5,13.0,116.88979936599937,9.34310868803049,287.96960409025667,16.31034836377183,17.686883150204405,1167,1168,True,mission_dataset.csv,1
f42a50ab_geometry_0028_01,geometry_0028,7,1351531223,228.1312921413762,228.1312921413762,6,6,2.5,13.0,150.88744059700002,12.260144728764976,292.48735417364145,16.26012140050323,18.01441972218133,1508,1509,True,mission_dataset.csv,1
f42a50ab_geometry_0029_01,geometry_0029,7,1699226064,184.8701864471808,184.8701864471808,3,3,2.5,13.0,124.88936150299924,9.967913508045063,287.3037268065645,16.300939129294157,17.655860245126405,1248,1249,True,mission_dataset.csv,1
f42a50ab_geometry_0030_01,geometry_0030,7,1137651678,201.03733338629272,201.0373333862928,7,7,2.5,13.0,142.88686834000055,11.586366130427448,291.8878518227188,16.271230995279662,17.966122781358624,1428,1429,True,mission_dataset.csv,1
f42a50ab_geometry_0032_01,geometry_0032,7,1715412119,210.09019129609493,210.09019129609493,7,7,2.5,13.0,145.88970132099985,11.871692882657744,292.9255699711878,16.266030967194713,18.034927578593173,1458,1459,True,mission_dataset.csv,1
f42a50ab_geometry_0033_01,geometry_0033,7,594130308,127.5821893186488,127.5821893186488,4,4,2.5,13.0,103.88646604699989,8.171077186436557,283.1150402800977,16.33330972981751,17.368940878591363,1038,1039,True,mission_dataset.csv,1
f42a50ab_geometry_0034_01,geometry_0034,7,202363285,191.3775201494045,191.3775201494046,6,6,2.5,13.0,135.8896323199997,10.978228063833336,290.8131665753717,16.281876418764227,17.889462410762214,1358,1359,True,mission_dataset.csv,1
f42a50ab_geometry_0035_01,geometry_0035,7,687117441,197.26315825683164,197.2631582568316,8,8,2.5,13.0,144.89031007000085,11.7282046216433,291.3746476019942,16.26926302860489,17.93711480731498,1448,1449,True,mission_dataset.csv,1
f42a50ab_geometry_0036_01,geometry_0036,7,272849424,224.6630982478237,224.66309824782363,8,8,2.5,13.0,154.8881647090002,12.641384726053882,293.7939256086641,16.25304274192697,18.1019169464996,1548,1549,True,mission_dataset.csv,1
f42a50ab_geometry_0037_01,geometry_0037,7,2010258946,165.7943143807844,165.7943143807844,5,5,2.5,13.0,123.8938462619999,9.895539099206507,287.50824496530345,16.30171101241462,17.66771546983678,1238,1239,True,mission_dataset.csv,1
f42a50ab_geometry_0038_01,geometry_0038,7,49310608,168.13575551825406,168.1357555182541,6,6,2.5,13.0,126.88778492299934,10.204607998742556,289.49073877464417,16.29534911057252,17.79499566032191,1268,1269,True,mission_dataset.csv,1
f42a50ab_geometry_0039_01,geometry_0039,7,1146005448,219.891970993934,219.89197099393408,7,7,2.5,13.0,149.8913849619994,12.22753836429207,293.6455558438821,16.259974087135564,18.085376475351783,1498,1499,True,mission_dataset.csv,1
f42a50ab_geometry_0040_01,geometry_0040,7,479112937,222.7661663318308,222.7661663318308,8,8,2.5,13.0,154.88676146099988,12.61925522646803,293.2797957707027,16.253792897588287,18.06967675808536,1548,1549,True,mission_dataset.csv,1
f42a50ab_geometry_0041_01,geometry_0041,1,1948728483,158.6061960963511,158.6061960963511,4,4,2.5,13.0,117.89367047700034,9.359623478181735,285.77606798896954,16.311930364425958,17.551992719549055,1178,1179,True,mission_dataset.csv,1
f42a50ab_geometry_0042_01,geometry_0042,1,1131247330,232.61054840337283,232.6105484033728,2,2,2.5,13.0,139.88755949299957,11.332656289726394,291.617826258851,16.275990057366503,17.94417398345202,1398,1399,True,mission_dataset.csv,1
f42a50ab_geometry_0043_01,geometry_0043,1,457031004,217.14837110899825,217.14837110899825,6,6,2.5,13.0,145.88671639800032,11.81186703555594,291.4492374603163,16.267977444581415,17.942912521771447,1458,1459,True,mission_dataset.csv,1
f42a50ab_geometry_0044_01,geometry_0044,1,854316681,222.01440929118803,222.0144092911881,8,8,2.5,13.0,153.88790316400082,12.55986175070305,293.7966546171833,16.254375735376467,18.10062984180109,1538,1539,True,mission_dataset.csv,1
f42a50ab_geometry_0045_01,geometry_0045,1,693847829,139.82621641458366,139.82621641458363,3,3,2.5,13.0,105.88839036099944,8.385321354926951,285.0511666360282,16.328384143660045,17.491104450502466,1058,1059,True,mission_dataset.csv,1
f42a50ab_geometry_0047_01,geometry_0047,1,83651970,175.1189814724486,175.1189814724486,6,6,2.5,13.0,129.8869783729997,10.429110745755027,289.0266472027602,16.29195537669921,17.770222848483446,1298,1299,True,mission_dataset.csv,1
f42a50ab_geometry_0048_01,geometry_0048,1,1320763135,228.6557786023388,228.6557786023388,2,2,2.5,13.0,137.8889431360003,11.154654111876557,291.1998483878533,16.279029034288833,17.915431029559738,1378,1379,True,mission_dataset.csv,1
f42a50ab_geometry_0049_01,geometry_0049,1,338258951,89.26802663907,89.26802663907,3,3,2.5,13.0,84.8885522670007,6.581201068214838,279.0584418414984,16.363119747669593,17.093662645277274,848,849,True,mission_dataset.csv,1
f42a50ab_geometry_0050_01,geometry_0050,1,297265480,197.10521517514044,197.10521517514044,2,2,2.5,13.0,125.88856855099948,10.061972974499302,287.93997198392475,16.299011104626192,17.69639067159335,1257,1258,True,mission_dataset.csv,1
f42a50ab_geometry_0051_01,geometry_0051,1,540137296,217.56989613741675,217.56989613741672,8,8,2.5,13.0,151.88766975,12.385977938729695,293.5437342321453,16.257372064446052,18.081981145483127,1518,1519,True,mission_dataset.csv,1
f42a50ab_geometry_0052_01,geometry_0052,1,709214891,185.5601316395788,185.56013163957883,3,3,2.5,13.0,123.887173049,9.9420615974154,288.87232698276955,16.300190444527566,17.751904319710217,1238,1239,True,mission_dataset.csv,1
f42a50ab_geometry_0053_01,geometry_0053,1,1817363615,171.98502538822856,171.9850253882286,4,4,2.5,13.0,122.88854005099984,9.801955920041406,287.1178464407185,16.30366880356344,17.641862923089956,1228,1229,True,mission_dataset.csv,1
f42a50ab_geometry_0054_01,geometry_0054,1,863937247,228.6261588803483,228.6261588803484,3,3,2.5,13.0,141.88764661000096,11.46461856297109,290.8555792154371,16.274257309089,17.899710645567076,1418,1419,True,mission_dataset.csv,1
f42a50ab_geometry_0055_01,geometry_0055,1,1603828849,190.44357297366443,190.4435729736644,7,7,2.5,13.0,137.893802169001,11.18878464538417,292.08209731374905,16.277510580072548,17.97146438176462,1378,1379,True,mission_dataset.csv,1
f42a50ab_geometry_0058_01,geometry_0058,1,988335251,99.02893344101648,99.02893344101648,4,4,2.5,13.0,92.88811587800046,7.281237709439036,282.15561621023284,16.34876288792802,17.295381772826126,928,929,True,mission_dataset.csv,1
f42a50ab_geometry_0059_01,geometry_0059,1,304912982,165.1408689073497,165.1408689073497,6,6,2.5,13.0,124.8890541290002,10.054916718756765,289.8118304647812,16.297369101030338,17.81220134732435,1248,1249,True,mission_dataset.csv,1
f42a50ab_geometry_0060_01,geometry_0060,1,983297492,213.43941292344712,213.43941292344715,7,7,2.5,13.0,147.886471875001,12.00609138043396,292.2349832895852,16.264313158108788,17.994793376758786,1478,1479,True,mission_dataset.csv,1
f42a50ab_geometry_0062_01,geometry_0062,1,1196050747,162.26497916937427,162.2649791693743,2,2,2.5,13.0,111.89158939399933,8.913151004772379,286.7356928323836,16.318595045906182,17.603046937691676,1118,1119,True,mission_dataset.csv,1
f42a50ab_geometry_0063_01,geometry_0063,1,568275055,202.94984393883533,202.94984393883536,7,7,2.5,13.0,143.89839239100002,11.687936054799977,292.38825658273686,16.269334338455252,17.99871394316497,1438,1439,True,mission_dataset.csv,1
f42a50ab_geometry_0064_01,geometry_0064,1,2030106617,235.3570253218083,235.35702532180832,7,7,2.5,13.0,156.8920358129999,12.769626866526954,292.9822069801045,16.25150301138864,18.053785409419834,1568,1569,True,mission_dataset.csv,1
f42a50ab_geometry_0065_01,geometry_0065,1,1748309234,205.53910788652053,205.53910788652053,3,3,2.5,13.0,132.88824721700075,10.65358243920824,288.58174877684536,16.288887919475478,17.7460116664378,1328,1329,True,mission_dataset.csv,1
f42a50ab_geometry_0067_01,geometry_0067,1,2005855667,156.9953217148686,156.99532171486862,4,4,2.5,13.0,115.8888405810012,9.239534218580957,286.98883178178414,16.312875647293893,17.624606979077132,1158,1159,True,mission_dataset.csv,1
f42a50ab_geometry_0068_01,geometry_0068,1,422701550,226.99564077407285,226.99564077407285,8,8,2.5,13.0,156.89665861899994,12.75804753183772,292.7065210725079,16.251855475800745,18.03673636069945,1568,1569,True,mission_dataset.csv,1
f42a50ab_geometry_0071_01,geometry_0071,1,1926780541,110.43342535052984,110.43342535052984,3,3,2.5,13.0,94.88816970900008,7.403200757818542,280.8348153759394,16.34792073232733,17.216153425202794,948,949,True,mission_dataset.csv,1
f42a50ab_geometry_0072_01,geometry_0072,1,1196342297,147.50106237350468,147.50106237350468,3,3,2.5,13.0,108.88948769299896,8.643921191504772,285.74567733500203,16.323669289973374,17.537961015414492,1088,1089,True,mission_dataset.csv,1
f42a50ab_geometry_0073_01,geometry_0073,1,323775634,149.97677374585206,149.97677374585206,5,5,2.5,13.0,115.88980249700036,9.275500636639972,288.10613458657485,16.311404594375308,17.69399442339864,1158,1159,True,mission_dataset.csv,1
f42a50ab_geometry_0075_01,geometry_0075,1,63384488,184.34318303976352,184.34318303976352,2,2,2.5,13.0,120.88781687600022,9.655524628041007,287.5055296388462,16.305953638725185,17.6627787963924,1208,1209,True,mission_dataset.csv,1
f42a50ab_geometry_0076_01,geometry_0076,1,1015242176,228.21871728130043,228.21871728130043,2,2,2.5,13.0,137.88767677100077,11.159646142494903,291.3295240351877,16.27886589581418,17.92356013559599,1378,1379,True,mission_dataset.csv,1
f42a50ab_geometry_0078_01,geometry_0078,1,251837136,218.34406304483448,218.3440630448345,3,3,2.5,13.0,136.89093394500014,11.059491152990995,290.82479173619686,16.28079478874792,17.89089075916762,1368,1369,True,mission_dataset.csv,1
f42a50ab_geometry_0079_01,geometry_0079,1,1676848676,140.63569903630656,140.63569903630656,3,3,2.5,13.0,106.89344560099926,8.414788284151392,283.3655591845381,16.329255224500894,17.387997766170855,1068,1069,True,mission_dataset.csv,1
f42a50ab_geometry_0080_01,geometry_0080,1,1954246074,229.418602592544,229.418602592544,4,4,2.5,13.0,144.8938906610001,11.723579045615452,291.25576462724206,16.269726798647927,17.92897814676793,1448,1449,True,mission_dataset.csv,1
f42a50ab_geometry_0081_01,geometry_0081,1,2090237817,156.91307798258345,156.91307798258345,4,4,2.5,13.0,115.88948341099967,9.261297982898546,287.66583090688647,16.3120284092848,17.666487867811355,1158,1159,True,mission_dataset.csv,1
f42a50ab_geometry_0082_01,geometry_0082,1,935018220,110.38365876282194,110.38365876282194,3,3,2.5,13.0,94.89022059000126,7.367942749078796,279.4986039447,16.349639386095664,17.133540136733725,948,949,True,mission_dataset.csv,1
f42a50ab_geometry_0084_01,geometry_0084,1,215359682,190.5795463034205,190.57954630342053,7,7,2.5,13.0,138.8887969819989,11.270244727473074,292.1000191027482,16.2761677947295,17.973923296953938,1388,1389,True,mission_dataset.csv,1
f42a50ab_geometry_0085_01,geometry_0085,1,676168421,189.77169764245767,189.77169764245767,6,6,2.5,13.0,134.89093729399974,10.876543373668026,290.2457669887034,16.283832506217983,17.8528090833988,1348,1349,True,mission_dataset.csv,1
f42a50ab_geometry_0087_01,geometry_0087,1,291889680,200.91959812707472,200.91959812707472,8,8,2.5,13.0,145.88900602600006,11.82604479629095,291.7987650573385,16.267347607733534,17.96499614322059,1458,1459,True,mission_dataset.csv,1
f42a50ab_geometry_0088_01,geometry_0088,1,1734202799,230.0509825418493,230.0509825418493,7,7,2.5,13.0,153.88934350800082,12.56024290277368,293.8060348963492,16.2543789675826,18.10097426670598,1538,1539,True,mission_dataset.csv,1
f42a50ab_geometry_0089_01,geometry_0089,1,1057486868,230.6553803566543,230.6553803566543,2,2,2.5,13.0,139.88844412100116,11.292854066709976,290.59318133462494,16.277248817482022,17.8804498748951,1398,1399,True,mission_dataset.csv,1
f42a50ab_geometry_0090_01,geometry_0090,1,352116052,201.0738387392104,201.0738387392104,6,6,2.5,13.0,139.88738704299976,11.280445013690056,290.2731525240621,16.277261716285036,17.861393424921307,1398,1399,True,mission_dataset.csv,1
f42a50ab_geometry_0091_01,geometry_0091,1,1358798143,198.88477973670268,198.88477973670268,5,5,2.5,13.0,135.88789413800075,10.97391119297683,290.69762551137467,16.28202504599419,17.882059892561394,1358,1359,True,mission_dataset.csv,1
f42a50ab_geometry_0092_01,geometry_0092,1,1349409434,125.41332471698924,125.41332471698924,4,4,2.5,13.0,102.88977506399895,8.12905251215423,284.3945641835917,16.333024098180356,17.446802317285215,1028,1029,True,mission_dataset.csv,1
f42a50ab_geometry_0093_01,geometry_0093,1,562117925,122.4983220050166,122.4983220050166,3,3,2.5,13.0,98.89234349300024,7.781955718895785,283.25045986186655,16.33971872320069,17.37050517835288,988,989,True,mission_dataset.csv,1
f42a50ab_geometry_0094_01,geometry_0094,1,1963764597,214.4760567963108,214.4760567963108,7,7,2.5,13.0,148.89575111699924,12.08897503086008,292.26842592360725,16.262882590053703,17.99816616212285,1488,1489,True,mission_dataset.csv,1
f42a50ab_geometry_0095_01,geometry_0095,1,311570307,229.77863976559405,229.77863976559405,4,4,2.5,13.0,145.88885916500112,11.792212708558584,290.9649912996632,16.268716340199,17.91222714633005,1458,1459,True,mission_dataset.csv,1
f42a50ab_geometry_0096_01,geometry_0096,1,429416213,153.32568361897378,153.32568361897378,2,2,2.5,13.0,107.88810259799902,8.560535477379009,285.6135446583259,16.325189846770645,17.528220119405333,1078,1079,True,mission_dataset.csv,1
f42a50ab_geometry_0098_01,geometry_0098,1,295456419,229.32150047899344,229.3215004789935,3,3,2.5,13.0,141.8878991670008,11.502854739879895,291.82577835717586,16.272984580644174,17.960098234294712,1418,1419,True,mission_dataset.csv,1
f42a50ab_geometry_0099_01,geometry_0099,1,677517496,139.12433419822145,139.12433419822145,3,3,2.5,13.0,106.89065032500002,8.415139035018264,283.6529089558313,16.32901576931557,17.405654998485712,1067,1068,True,mission_dataset.csv,1
f42a50ab_geometry_0100_01,geometry_0100,1,1299301222,220.0493945567769,220.0493945567769,5,5,2.5,13.0,143.8927396299987,11.665154946935392,291.8214402740699,16.270228699398505,17.962932200166524,1438,1439,True,mission_dataset.csv,1
f42a50ab_geometry_0101_01,geometry_0101,1,33599984,238.44991778414231,238.44991778414231,6,6,2.5,13.0,154.88694780200058,12.58232333697956,292.4221815136837,16.25492655715302,18.015964714089964,1548,1549,True,mission_dataset.csv,1
f42a50ab_geometry_0102_01,geometry_0102,1,1285821930,226.83149772831325,226.83149772831325,7,7,2.5,13.0,152.88779013699968,12.476677055234743,293.75895881196965,16.255815018229114,18.09663133397747,1528,1529,True,mission_dataset.csv,1
f42a50ab_geometry_0103_01,geometry_0103,1,576775951,175.45822813811122,175.45822813811122,7,7,2.5,13.0,131.8895422950009,10.655754451905109,290.8306650747719,16.286935606718604,17.88528386284855,1318,1319,True,mission_dataset.csv,1
f42a50ab_geometry_0104_01,geometry_0104,1,459716009,112.62172854035072,112.62172854035072,4,4,2.5,13.0,98.88967696100008,7.724349602455428,281.1667258986533,16.342278884563697,17.242011706586794,988,989,True,mission_dataset.csv,1
f42a50ab_geometry_0105_01,geometry_0105,1,1169726681,207.83210214370675,207.83210214370672,7,7,2.5,13.0,145.88899335299902,11.83474684381315,292.0138986524974,16.267203674159532,17.978162687718665,1458,1459,True,mission_dataset.csv,1
f42a50ab_geometry_0106_01,geometry_0106,1,1472659626,183.09549509235225,183.09549509235225,4,4,2.5,13.0,126.88797126200006,10.147504717882324,287.8704104141448,16.2974743974594,17.693955472873785,1268,1269,True,mission_dataset.csv,1
f42a50ab_geometry_0107_01,geometry_0107,1,1133802214,189.9995406082129,189.9995406082129,3,3,2.5,13.0,125.89740183899994,10.063500406438669,287.7408219401292,16.299070643090936,17.68437606846652,1258,1259,True,mission_dataset.csv,1
f42a50ab_geometry_0108_01,geometry_0108,1,218179599,190.89905780634007,190.89905780634007,6,6,2.5,13.0,135.88956630900066,10.974889946715551,290.7230624490264,16.28194559699389,17.88385534332551,1358,1359,True,mission_dataset.csv,1
f42a50ab_geometry_0109_01,geometry_0109,1,1188332531,181.48551156947107,181.48551156947107,2,2,2.5,13.0,119.8954390939998,9.60295768227092,288.3107457513996,16.30616425394117,17.711409107304245,1198,1199,True,mission_dataset.csv,1
f42a50ab_geometry_0110_01,geometry_0110,1,561866144,80.56731025404517,80.56731025404517,2,2,2.5,13.0,78.88768929400067,6.054453042299898,276.24706222927534,16.37437977325478,16.91257246931205,788,789,True,mission_dataset.csv,1
f42a50ab_geometry_0111_01,geometry_0111,1,693989311,238.5454526756762,238.54545267567616,7,7,2.5,13.0,157.8892231560003,12.915008939284228,294.4507289711167,16.24836432352483,18.14690901271579,1578,1579,True,mission_dataset.csv,1
f42a50ab_geometry_0112_01,geometry_0112,1,1836901321,199.81215685398124,199.8121568539813,7,7,2.5,13.0,142.88766145800037,11.590362409830997,291.9871890418762,16.27113581204264,17.972406846955366,1428,1429,True,mission_dataset.csv,1
f42a50ab_geometry_0113_01,geometry_0113,1,323169889,144.92829116240063,144.92829116240063,6,6,2.5,13.0,116.89416184499896,9.359652172678407,288.2226076045277,16.309884450698735,17.702916629300145,1168,1169,True,mission_dataset.csv,1
f42a50ab_geometry_0117_01,geometry_0117,1,171347175,225.45333437893296,225.45333437893296,4,4,2.5,13.0,142.89243831400017,11.60339052230781,292.3055859344205,16.270967886613082,17.991574094239088,1428,1429,True,mission_dataset.csv,1
f42a50ab_geometry_0119_01,geometry_0119,1,1745377599,175.40114076036858,175.40114076036855,7,7,2.5,13.0,132.88872023300064,10.71002646145245,290.3300657466345,16.286402878991094,17.855481524244848,1327,1328,True,mission_dataset.csv,1
f42a50ab_geometry_0121_01,geometry_0121,1,760434128,199.80008482082104,199.80008482082096,8,8,2.5,13.0,145.8884008069981,11.813118175209487,291.48031912367907,16.267756786960867,17.94520178610348,1458,1459,True,mission_dataset.csv,1
f42a50ab_geometry_0122_01,geometry_0122,1,1426725702,122.97436342778263,122.97436342778263,5,5,2.5,13.0,105.88745080100124,8.358405191169041,284.1358384970334,16.329350186024666,17.43499485600293,1058,1059,True,mission_dataset.csv,1
f42a50ab_geometry_0123_01,geometry_0123,1,1065870178,236.6791625303196,236.67916253031967,8,8,2.5,13.0,159.88933379999798,13.087560233394516,294.8359996132529,16.24535684860096,18.17379808436627,1597,1598,True,mission_dataset.csv,1
f42a50ab_geometry_0124_01,geometry_0124,1,464267175,118.9244893892253,118.92448938922531,4,4,2.5,13.0,100.89371725999808,7.903800457693655,281.98074683408123,16.33868858859135,17.29488563324935,1008,1009,True,mission_dataset.csv,1
f42a50ab_geometry_0128_01,geometry_0128,1,829486135,83.78630955223224,83.78630955223224,3,3,2.5,13.0,82.88779077899744,6.414677889150959,278.8963278340105,16.36595610374414,17.081062421913526,827,828,True,mission_dataset.csv,1
f42a50ab_geometry_0129_01,geometry_0129,1,298159856,159.39143414372478,159.39143414372478,5,5,2.5,13.0,119.88890232799896,9.585417120473409,287.8002444204282,16.306602926628106,17.680441563779656,1198,1199,True,mission_dataset.csv,1
f42a50ab_geometry_0130_01,geometry_0130,1,1716605598,205.39799965064984,205.39799965064984,8,8,2.5,13.0,146.8867203129994,11.968708342485725,293.3091329588649,16.26417028636166,18.06048289251782,1468,1469,True,mission_dataset.csv,1
f42a50ab_geometry_0131_01,geometry_0131,1,1422277848,238.64277747827472,238.64277747827475,7,7,2.5,13.0,158.8894140659977,12.934307164533278,293.0345397666882,16.24880945554989,18.059898891795104,1588,1589,True,mission_dataset.csv,1
f42a50ab_geometry_0132_01,geometry_0132,1,1121910732,98.45468029622842,98.45468029622845,2,2,2.5,13.0,85.89018793200012,6.650209804365999,278.70239338976967,16.36229765318048,17.072688767302683,858,859,True,mission_dataset.csv,1
f42a50ab_geometry_0133_01,geometry_0133,1,1140169349,172.89435739819325,172.89435739819325,3,3,2.5,13.0,118.8922080270022,9.526471192021816,288.43587322389465,16.307215267916103,17.718107176933646,1188,1189,True,mission_dataset.csv,1
f42a50ab_geometry_0134_01,geometry_0134,1,1866437132,97.34440755435378,97.34440755435378,2,2,2.5,13.0,86.88841808500001,6.6832963380857535,276.8642756735932,16.36334482682451,16.960540453115666,868,869,True,mission_dataset.csv,1
f42a50ab_geometry_0135_01,geometry_0135,1,1347233823,200.91048873398944,200.9104887339894,4,4,2.5,13.0,133.8941489639983,10.783211565874955,289.89858391196134,16.285786462773842,17.829454425307823,1338,1339,True,mission_dataset.csv,1
f42a50ab_geometry_0136_01,geometry_0136,1,496694873,192.7450623967372,192.7450623967372,5,5,2.5,13.0,132.88859994000086,10.73569742007714,290.80715264279377,16.285795363920627,17.88477008521243,1328,1329,True,mission_dataset.csv,1
f42a50ab_geometry_0137_01,geometry_0137,1,816382125,227.940567949344,227.940567949344,5,5,2.5,13.0,147.8893427949988,12.00106892807249,292.3108259225759,16.26445005775627,17.998903502726545,1477,1478,True,mission_dataset.csv,1
f42a50ab_geometry_0138_01,geometry_0138,1,1872852789,102.39166085470528,102.39166085470528,4,4,2.5,13.0,93.88852388000304,7.356429869856701,282.0322445550885,16.34768235975434,17.28905178658085,938,939,True,mission_dataset.csv,1
f42a50ab_geometry_0139_01,geometry_0139,1,846259450,163.18725577065368,163.18725577065368,2,2,2.5,13.0,112.88815366299968,8.934541337519729,284.8889416541561,16.319629682704768,17.48994644449494,1128,1129,True,mission_dataset.csv,1
f42a50ab_geometry_0140_01,geometry_0140,1,1418198351,158.1068255459981,158.1068255459981,4,4,2.5,13.0,116.8876604270008,9.34253779384653,287.70570550764387,16.31064236969699,17.670316095270337,1168,1169,True,mission_dataset.csv,1
f42a50ab_geometry_0143_01,geometry_0143,1,1728296502,197.4042894205836,197.40428942058367,7,7,2.5,13.0,140.8914653310021,11.439059021715648,292.2563081202957,16.273378372192383,17.986316155671354,1408,1409,True,mission_dataset.csv,1
f42a50ab_geometry_0144_01,geometry_0144,1,546696950,189.2871745818682,189.2871745818682,7,7,2.5,13.0,137.88803303500026,11.18850937009961,292.08300768586906,16.27756494434957,17.971420882484505,1378,1379,True,mission_dataset.csv,1
f42a50ab_geometry_0145_01,geometry_0145,1,1628416575,147.27141340366532,147.27141340366532,3,3,2.5,13.0,109.88645690599878,8.667425751324132,283.91730179132054,16.324713242715656,17.426114238879972,1098,1099,True,mission_dataset.csv,1
f42a50ab_geometry_0146_01,geometry_0146,1,747441732,221.86568833144008,221.86568833144008,7,7,2.5,13.0,150.88880866699765,12.297376328872833,293.3758953586148,16.258864944387224,18.070032695134284,1508,1509,True,mission_dataset.csv,1
f42a50ab_geometry_0147_01,geometry_0147,1,1744079573,198.6341044671177,198.6341044671177,6,6,2.5,13.0,138.89441443100077,11.268356921489426,292.033472457586,16.27642767887651,17.96951003306692,1388,1389,True,mission_dataset.csv,1
f42a50ab_geometry_0149_01,geometry_0149,1,1384049914,126.26630662310043,126.26630662310043,4,4,2.5,13.0,104.88931530700212,8.236959199725437,282.6762984429542,16.3327109915967,17.343002475670286,1048,1049,True,mission_dataset.csv,1
f42a50ab_geometry_0150_01,geometry_0150,1,917840538,173.01432202055437,173.01432202055437,5,5,2.5,13.0,125.88812166299977,10.076664124047731,288.1307283846226,16.298373307946942,17.709022621221017,1258,1259,True,mission_dataset.csv,1
f42a50ab_geometry_0152_01,geometry_0152,1,1439622619,174.10527864420877,174.10527864420877,7,7,2.5,13.0,132.89390130399988,10.69016152300516,289.5735027526175,16.28718814462356,17.808554907208148,1328,1329,True,mission_dataset.csv,1
f42a50ab_geometry_0153_01,geometry_0153,1,1008752943,210.94775432586627,210.9477543258663,2,2,2.5,13.0,131.88932493799803,10.61779099970062,289.7926157569605,16.288764240707387,17.819703904162015,1318,1319,True,mission_dataset.csv,1
f42a50ab_geometry_0154_01,geometry_0154,1,855256552,190.3502014292339,190.3502014292339,7,7,2.5,13.0,138.89396295900224,11.195000168247953,290.1381104214634,16.278823701489134,17.851713062091708,1388,1389,True,mission_dataset.csv,1
f42a50ab_geometry_0155_01,geometry_0155,1,1051590706,83.90806203629222,83.90806203629224,3,3,2.5,13.0,83.88703750700006,6.420809665666489,275.5028008646167,16.368845865752046,16.873193816567134,838,839,True,mission_dataset.csv,1
f42a50ab_geometry_0156_01,geometry_0156,1,312794864,193.3528767672816,193.3528767672816,5,5,2.5,13.0,133.88854628300032,10.774944335009426,289.69045898303455,16.285945521975027,17.816706051881674,1338,1339,True,mission_dataset.csv,1
f42a50ab_geometry_0158_01,geometry_0158,1,2123333781,218.1375060353164,218.1375060353164,7,7,2.5,13.0,148.8989319550019,12.134594809605208,293.3624442768871,16.261552150974826,18.06638640913389,1488,1489,True,mission_dataset.csv,1
f42a50ab_geometry_0160_01,geometry_0160,1,457788949,233.30114714028105,233.30114714028096,8,8,2.5,13.0,157.88859845499974,12.924365114415917,294.6643223009965,16.24790956643354,18.16044920078461,1578,1579,True,mission_dataset.csv,1
f42a50ab_geometry_0161_01,geometry_0161,1,755427535,212.40701730925124,212.40701730925124,8,8,2.5,13.0,151.889318988,12.325086206149352,292.1007052860834,16.259174605589937,17.99208648432686,1518,1519,True,mission_dataset.csv,1
f42a50ab_geometry_0163_01,geometry_0163,1,521231222,169.18492704534324,169.18492704534324,2,2,2.5,13.0,114.88879081699996,9.143078004208142,286.4643817172842,16.315012964193876,17.590234564758312,1148,1149,True,mission_dataset.csv,1
f42a50ab_geometry_0165_01,geometry_0165,1,1362784338,206.2414957816024,206.2414957816024,7,7,2.5,13.0,143.88916688699828,11.710850970466671,293.17531422921326,16.268347799860884,18.04765606759134,1437,1438,True,mission_dataset.csv,1
f42a50ab_geometry_0166_01,geometry_0166,1,1832837596,234.78844443890097,234.7884444389009,8,8,2.5,13.0,159.88812807799695,13.054526274413472,294.0926581611994,16.246280476805264,18.127333765031214,1597,1598,True,mission_dataset.csv,1
f42a50ab_geometry_0167_01,geometry_0167,1,1915184358,235.52902706189343,235.52902706189343,8,8,2.5,13.0,159.8892600379986,13.06853725006794,294.22355206177946,16.24593760864372,18.13570939685644,1598,1599,True,mission_dataset.csv,1
f42a50ab_geometry_0169_01,geometry_0169,1,1061886576,151.10298581580233,151.10298581580236,5,5,2.5,13.0,116.88905022699691,9.308795078419411,286.6660869278457,16.311892985073904,17.60605599228978,1168,1169,True,mission_dataset.csv,1
f42a50ab_geometry_0170_01,geometry_0170,1,2081328344,222.6077489652555,222.60774896525552,8,8,2.5,13.0,154.889082832,12.655386191513085,294.1191360882609,16.252657323286872,18.12209770261876,1548,1549,True,mission_dataset.csv,1
f42a50ab_geometry_0171_01,geometry_0171,1,1889238423,185.2257021946536,185.2257021946536,7,7,2.5,13.0,136.8881077469996,11.024821201453989,289.91205042093463,16.281616550888607,17.83503975079193,1368,1369,True,mission_dataset.csv,1
f42a50ab_geometry_0173_01,geometry_0173,1,346078411,144.36204527346922,144.36204527346922,4,4,2.5,13.0,110.88933316600014,8.836767297820948,286.8527999089494,16.319460671909013,17.609494638608265,1108,1109,True,mission_dataset.csv,1
f42a50ab_geometry_0174_01,geometry_0174,1,1645124051,104.13290528209386,104.13290528209386,3,3,2.5,13.0,91.88837285499903,7.128071947823367,279.52892653709347,16.353569423451145,17.131481064000614,917,918,True,mission_dataset.csv,1
f42a50ab_geometry_0175_01,geometry_0175,1,918920620,179.00197919355466,179.00197919355466,7,7,2.5,13.0,133.88949642599982,10.795574782613276,290.2443154115178,16.285074704079776,17.851597816992864,1338,1339,True,mission_dataset.csv,1
f42a50ab_geometry_0177_01,geometry_0177,1,267429212,188.7287331217105,188.7287331217105,6,6,2.5,13.0,133.88914829799978,10.831456643346394,291.20935002381947,16.2839455252,17.911388692296512,1338,1339,True,mission_dataset.csv,1
f42a50ab_geometry_0178_01,geometry_0178,1,1672790155,213.262587094478,213.262587094478,3,3,2.5,13.0,135.8872090900004,10.916011677805558,289.1631323454973,16.284224492649194,17.786210017839366,1358,1359,True,mission_dataset.csv,1
f42a50ab_geometry_0179_01,geometry_0179,1,83889094,220.0358118818028,220.03581188180283,8,8,2.5,13.0,152.89059053299934,12.476305155166994,293.74958473997395,16.255696664065454,18.096350149007268,1528,1529,True,mission_dataset.csv,1
f42a50ab_geometry_0180_01,geometry_0180,1,1633724084,234.2715202923756,234.2715202923755,8,8,2.5,13.0,158.8877721209974,13.00748246878408,294.69222637324657,16.246722602484134,18.163555295302142,1588,1589,True,mission_dataset.csv,1
f42a50ab_geometry_0181_01,geometry_0181,1,1510792572,120.70753003007916,120.70753003007916,5,5,2.5,13.0,103.8884763290007,8.237920610460938,285.4303295853315,16.33032323123172,17.512424960854364,1038,1039,True,mission_dataset.csv,1
f42a50ab_geometry_0182_01,geometry_0182,1,1799682701,204.50041800855155,204.5004180085516,4,4,2.5,13.0,134.88781109699994,10.865772639547332,289.9661899732165,16.284371433300475,17.834966223071113,1348,1349,True,mission_dataset.csv,1
f42a50ab_geometry_0183_01,geometry_0183,1,947206476,215.7615042218929,215.7615042218929,6,6,2.5,13.0,144.88807523799915,11.784124107369022,292.771036939148,16.267572933431328,18.02374006204919,1448,1449,True,mission_dataset.csv,1
f42a50ab_geometry_0184_01,geometry_0184,1,1871901278,146.33059615457233,146.33059615457233,5,5,2.5,13.0,113.88902848199724,9.102728352368118,287.70390734445726,16.314480130980158,17.66643504963908,1138,1139,True,mission_dataset.csv,1
f42a50ab_geometry_0185_01,geometry_0185,1,1443665390,123.48297839360583,123.48297839360583,5,5,2.5,13.0,105.88915859599727,8.362850300487947,284.2868072561289,16.32917360408448,17.444399949448137,1058,1059,True,mission_dataset.csv,1
f42a50ab_geometry_0186_01,geometry_0186,1,1736526879,216.8982157220412,216.8982157220412,7,7,2.5,13.0,148.88835608500085,12.123388259430392,293.1086686794664,16.26184093944173,18.050577122660552,1488,1489,True,mission_dataset.csv,1
f42a50ab_geometry_0187_01,geometry_0187,1,2007425404,179.88322064665263,179.88322064665266,7,7,2.5,13.0,133.88874395099992,10.836218558950913,291.33731871545564,16.283667706125613,17.91964114139648,1338,1339,True,mission_dataset.csv,1
f42a50ab_geometry_0189_01,geometry_0189,1,116402431,191.0271330753493,191.02713307534927,5,5,2.5,13.0,132.88903124199717,10.738393314846336,290.8791059727585,16.28569982426789,17.889269687964156,1328,1329,True,mission_dataset.csv,1
f42a50ab_geometry_0190_01,geometry_0190,1,582824840,182.8399436814937,182.83994368149368,2,2,2.5,13.0,120.8897512179974,9.613635697715443,286.2591448732512,16.307523492350867,17.585483433017806,1208,1209,True,mission_dataset.csv,1
f42a50ab_geometry_0191_01,geometry_0191,1,215970859,214.16152531447256,214.16152531447256,8,8,2.5,13.0,150.88864033799837,12.3186099711074,293.8815238162946,16.258221473971922,18.101735798655618,1508,1509,True,mission_dataset.csv,1
f42a50ab_geometry_0193_01,geometry_0193,1,1628334692,159.22149658575702,159.22149658575702,5,5,2.5,13.0,119.88947022199864,9.608489997032686,288.4919471960538,16.305644656540057,17.723402382776428,1198,1199,True,mission_dataset.csv,1
f42a50ab_geometry_0194_01,geometry_0194,1,1810607153,204.289414591889,204.289414591889,4,4,2.5,13.0,134.88862045899805,10.846952718325618,289.46441514931985,16.285077893177256,17.803809851667587,1348,1349,True,mission_dataset.csv,1
f42a50ab_geometry_0197_01,geometry_0197,1,294713656,128.28799186364375,128.28799186364375,4,4,2.5,13.0,104.88833044099738,8.268488438533835,283.7582432398001,16.33126774143332,17.41001868190455,1048,1049,True,mission_dataset.csv,1
f42a50ab_geometry_0198_01,geometry_0198,1,172907376,237.9497089332657,237.94970893326573,8,8,2.5,13.0,160.88856000099986,13.17944631161675,294.8765951342255,16.243824872857967,18.17788023952652,1608,1609,True,mission_dataset.csv,1
f42a50ab_geometry_0199_01,geometry_0199,1,1062073697,193.4894399462742,193.48943994627416,8,8,2.5,13.0,142.8893756360012,11.62984419931441,292.9819734802236,16.26979643285817,18.034534191979947,1428,1429,True,mission_dataset.csv,1
f42a50ab_geometry_0200_01,geometry_0200,1,654477195,214.2766154055357,214.2766154055357,3,3,2.5,13.0,134.8891476509998,10.910554200634152,291.1612132492015,16.28295483458387,17.909184166508485,1348,1349,True,mission_dataset.csv,1
f42a50ab_geometry_0001_02,geometry_0001,9,1181241943,176.015836907929,176.01583690792893,7,7,2.5,13.0,133.8883220710013,10.78385049016546,289.9289910436736,16.2855116307869,17.831956258988185,1338,1339,True,mission_dataset.csv,2
f42a50ab_geometry_0002_02,geometry_0002,9,440213415,115.71371810381164,115.71371810381166,3,3,2.5,13.0,95.88955913000244,7.499251680411588,281.805350484157,16.34558220745875,17.277202106211217,957,958,True,mission_dataset.csv,2
f42a50ab_geometry_0003_02,geometry_0003,8,373399426,221.32807761607268,221.32807761607268,7,7,2.5,13.0,150.88889816400115,12.280902534164875,292.9816640356989,16.25940767292,18.045387241024105,1508,1509,True,mission_dataset.csv,2
f42a50ab_geometry_0004_02,geometry_0004,8,127978094,184.504494689786,184.504494689786,6,6,2.5,13.0,132.88896451099936,10.72787892724505,290.5948015028356,16.28604443006896,17.87184303912332,1328,1329,True,mission_dataset.csv,2
f42a50ab_geometry_0005_02,geometry_0005,8,113971123,114.98207596857654,114.98207596857652,2,2,2.5,13.0,93.88851358100146,7.279026652515856,279.06477694960705,16.35160992574641,17.105164664645734,938,939,True,mission_dataset.csv,2
f42a50ab_geometry_0006_02,geometry_0006,8,1801823908,163.08841446591825,163.08841446591822,6,6,2.5,13.0,124.8888275749996,9.987699337498642,287.87319741169665,16.2999134873084,17.69193712771058,1248,1249,True,mission_dataset.csv,2
f42a50ab_geometry_0007_02,geometry_0007,8,1194819984,151.87344740541658,151.87344740541656,3,3,2.5,13.0,110.88838500399652,8.79477649018696,285.4904126030125,16.32132087858869,17.524877851313303,1108,1109,True,mission_dataset.csv,2
f42a50ab_geometry_0008_02,geometry_0008,8,685731524,233.7264153980608,233.72641539806085,8,8,2.5,13.0,158.88872811300098,12.99541975987193,294.41891503210684,16.246939742542647,18.146513145283343,1588,1589,True,mission_dataset.csv,2
f42a50ab_geometry_0009_02,geometry_0009,8,1193448329,198.4282366670521,198.4282366670522,7,7,2.5,13.0,141.888768255998,11.459968381315717,290.7372570096385,16.27395283092152,17.893276525113976,1418,1419,True,mission_dataset.csv,2
f42a50ab_geometry_0011_02,geometry_0011,8,415393687,94.83933494082366,94.83933494082363,2,2,2.5,13.0,85.88807733800058,6.608573958892168,276.95624267846193,16.364578189339156,16.96495884152973,858,859,True,mission_dataset.csv,2
f42a50ab_geometry_0012_02,geometry_0012,8,1136108454,218.03918875403423,218.0391887540342,4,4,2.5,13.0,139.88859914599743,11.315345903684582,291.3795836164523,16.27617959334956,17.929620446346817,1397,1398,True,mission_dataset.csv,2
f42a50ab_geometry_0013_02,geometry_0013,8,1973214822,194.08562126030867,194.08562126030867,8,8,2.5,13.0,142.88949529000092,11.613461883330189,292.568658225148,16.270400356295394,18.008656005537368,1428,1429,True,mission_dataset.csv,2
f42a50ab_geometry_0014_02,geometry_0014,8,1625792787,155.9833116339081,155.9833116339081,6,6,2.5,13.0,121.88847340999928,9.739228557520017,287.62004555179544,16.30409675235138,17.6722719607916,1218,1219,True,mission_dataset.csv,2
f42a50ab_geometry_0015_02,geometry_0015,8,1553210608,168.32650100371632,168.32650100371632,2,2,2.5,13.0,114.88849141099854,9.110422110282386,285.4410736012574,16.31628361196493,17.526875138354104,1148,1149,True,mission_dataset.csv,2
f42a50ab_geometry_0018_02,geometry_0018,8,433797840,216.8508353624235,216.8508353624235,2,2,2.5,13.0,134.88896479599862,10.825077516683333,288.88051495625007,16.28595705223225,17.767064097851758,1348,1349,True,mission_dataset.csv,2
f42a50ab_geometry_0021_02,geometry_0021,8,306671447,187.22240318753617,187.22240318753617,7,7,2.5,13.0,136.88883423399966,11.08702353180871,291.5479730210119,16.279512112814636,17.93685861560737,1368,1369,True,mission_dataset.csv,2
f42a50ab_geometry_0022_02,geometry_0022,8,1051454923,204.95791566691776,204.9579156669178,6,6,2.5,13.0,141.88765551899996,11.459864230192997,290.7346479936934,16.274051507650082,17.892825573677534,1418,1419,True,mission_dataset.csv,2
f42a50ab_geometry_0023_02,geometry_0023,8,1159417075,153.9616338961785,153.9616338961785,3,3,2.5,13.0,111.8881968070018,8.843370584233117,284.50290335497635,16.321344820487916,17.46495935606826,1118,1119,True,mission_dataset.csv,2
f42a50ab_geometry_0024_02,geometry_0024,8,943239974,217.5476610071985,217.54766100719849,7,7,2.5,13.0,149.88737183400008,12.175294082152782,292.40003041271075,16.261423093148117,18.007731368073113,1498,1499,True,mission_dataset.csv,2
f42a50ab_geometry_0026_02,geometry_0026,8,1354860540,211.48841504108933,211.48841504108933,3,3,2.5,13.0,133.8869599589998,10.814921411495424,290.7648441474506,16.284754336458967,17.88311380650389,1338,1339,True,mission_dataset.csv,2
f42a50ab_geometry_0027_02,geometry_0027,8,906164396,152.12890511708434,152.12890511708437,5,5,2.5,13.0,117.88885016300264,9.370914890986738,286.1318497763808,16.311306091968643,17.57441008992752,1178,1179,True,mission_dataset.csv,2
f42a50ab_geometry_0028_02,geometry_0028,8,1351531223,228.1312921413762,228.1312921413762,6,6,2.5,13.0,150.88816082799897,12.24161524398956,292.0439854824043,16.26065882789607,17.986752412956506,1508,1509,True,mission_dataset.csv,2
f42a50ab_geometry_0029_02,geometry_0029,8,1699226064,184.8701864471808,184.8701864471808,3,3,2.5,13.0,123.88828353099962,9.933061592544808,288.84182246004127,16.30037316983274,17.749870329661977,1237,1238,True,mission_dataset.csv,2
f42a50ab_geometry_0030_02,geometry_0030,8,1137651678,201.03733338629272,201.0373333862928,7,7,2.5,13.0,142.88802645300166,11.614356653194635,292.5915321455948,16.27038073823367,18.009929558539866,1428,1429,True,mission_dataset.csv,2
f42a50ab_geometry_0032_02,geometry_0032,8,1715412119,210.09019129609493,210.09019129609493,7,7,2.5,13.0,146.8883846159988,11.894976062197989,291.5016031165236,16.266543337079924,17.947582978281016,1468,1469,True,mission_dataset.csv,2
f42a50ab_geometry_0033_02,geometry_0033,8,594130308,127.5821893186488,127.5821893186488,4,4,2.5,13.0,104.88871248800206,8.267089401559035,283.709802757956,16.331265803174364,17.407063471286552,1048,1049,True,mission_dataset.csv,2
f42a50ab_geometry_0034_02,geometry_0034,8,202363285,191.3775201494045,191.3775201494046,6,6,2.5,13.0,135.88885936700171,10.968314575161845,290.5489030830149,16.282147217358272,17.873053289927963,1358,1359,True,mission_dataset.csv,2
f42a50ab_geometry_0035_02,geometry_0035,8,687117441,197.26315825683164,197.2631582568316,8,8,2.5,13.0,143.8886700889998,11.705367258918033,292.8352885992176,16.26873877779157,18.026691675973154,1438,1439,True,mission_dataset.csv,2
f42a50ab_geometry_0036_02,geometry_0036,8,272849424,224.6630982478237,224.66309824782363,8,8,2.5,13.0,154.88961019099952,12.659721221435136,294.4093682611585,16.25233474504732,18.140186950371863,1547,1548,True,mission_dataset.csv,2
f42a50ab_geometry_0037_02,geometry_0037,8,2010258946,165.7943143807844,165.7943143807844,5,5,2.5,13.0,122.88803437599564,9.815815700193982,287.7571542605605,16.302788226534567,17.681685238124057,1227,1228,True,mission_dataset.csv,2
f42a50ab_geometry_0038_02,geometry_0038,8,49310608,168.13575551825406,168.1357555182541,6,6,2.5,13.0,125.88966421300574,10.134351933855816,289.7797941840187,16.296272417209373,17.811611975498078,1258,1259,True,mission_dataset.csv,2
f42a50ab_geometry_0039_02,geometry_0039,8,1146005448,219.891970993934,219.89197099393408,7,7,2.5,13.0,150.889912370003,12.23657414917485,291.92410667929573,16.260893419138085,17.979409786621375,1508,1509,True,mission_dataset.csv,2
f42a50ab_geometry_0040_02,geometry_0040,8,479112937,222.7661663318308,222.7661663318308,8,8,2.5,13.0,154.88810421199742,12.602977518160198,292.9011157649449,16.25433260952757,18.0460486418662,1548,1549,True,mission_dataset.csv,2
f42a50ab_geometry_0041_02,geometry_0041,2,1948728483,158.6061960963511,158.6061960963511,4,4,2.5,13.0,116.88924616700388,9.350333958381594,287.945583615706,16.31041741187599,17.685200605624324,1168,1169,True,mission_dataset.csv,2
f42a50ab_geometry_0042_02,geometry_0042,2,1131247330,232.61054840337283,232.6105484033728,2,2,2.5,13.0,139.8878143519978,11.330951303824357,291.7817820332309,16.27586987021996,17.95426285257816,1397,1398,True,mission_dataset.csv,2
f42a50ab_geometry_0043_02,geometry_0043,2,457031004,217.14837110899825,217.14837110899825,6,6,2.5,13.0,145.88917886800482,11.869548272851112,292.8723513949112,16.26609946833317,18.031569166689845,1458,1459,True,mission_dataset.csv,2
f42a50ab_geometry_0044_02,geometry_0044,2,854316681,222.01440929118803,222.0144092911881,8,8,2.5,13.0,154.88940951100085,12.592419898975631,292.65587427945366,16.254557911852547,18.03084528344227,1548,1549,True,mission_dataset.csv,2
f42a50ab_geometry_0045_02,geometry_0045,2,693847829,139.82621641458366,139.82621641458363,3,3,2.5,13.0,105.8893100589994,8.3652629963977,284.36867567577167,16.329290656575175,17.448828704570744,1058,1059,True,mission_dataset.csv,2
f42a50ab_geometry_0047_02,geometry_0047,2,83651970,175.1189814724486,175.1189814724486,6,6,2.5,13.0,128.88791920399672,10.39691265295821,290.3692073140931,16.29157880926613,17.85224939487106,1288,1289,True,mission_dataset.csv,2
f42a50ab_geometry_0048_02,geometry_0048,2,1320763135,228.6557786023388,228.6557786023388,2,2,2.5,13.0,138.88827519399638,11.17327646327786,289.5856196376477,16.27987622837097,17.816356644804117,1388,1389,True,mission_dataset.csv,2
f42a50ab_geometry_0049_02,geometry_0049,2,338258951,89.26802663907,89.26802663907,3,3,2.5,13.0,85.8885424320033,6.644670907887515,278.468861574882,16.36252347748549,17.058591045057607,858,859,True,mission_dataset.csv,2
f42a50ab_geometry_0050_02,geometry_0050,2,297265480,197.10521517514044,197.10521517514044,2,2,2.5,13.0,126.88969296900176,10.132519792075405,287.44489257910175,16.298194632744394,17.667131165405067,1268,1269,True,mission_dataset.csv,2
f42a50ab_geometry_0051_02,geometry_0051,2,540137296,217.56989613741675,217.56989613741672,8,8,2.5,13.0,152.8875983589969,12.420237736718155,292.4297645913652,16.257425222153596,18.013923715982777,1528,1529,True,mission_dataset.csv,2
f42a50ab_geometry_0052_02,geometry_0052,2,709214891,185.5601316395788,185.56013163957883,3,3,2.5,13.0,123.88769001500624,9.911705939184449,287.98935970412754,16.30132360820139,17.697077842436798,1238,1239,True,mission_dataset.csv,2
f42a50ab_geometry_0053_02,geometry_0053,2,1817363615,171.98502538822856,171.9850253882286,4,4,2.5,13.0,121.88874297200528,9.773546853624508,288.6336254231475,16.302994228172146,17.734585289336845,1218,1219,True,mission_dataset.csv,2
f42a50ab_geometry_0054_02,geometry_0054,2,863937247,228.6261588803483,228.6261588803484,3,3,2.5,13.0,141.88786756999616,11.433460812191294,290.06474485594003,16.27521008954576,17.850485807593184,1418,1419,True,mission_dataset.csv,2
f42a50ab_geometry_0055_02,geometry_0055,2,1603828849,190.44357297366443,190.4435729736644,7,7,2.5,13.0,138.8895737040002,11.227555768730712,290.9928047723365,16.277654463820873,17.905003192331012,1388,1389,True,mission_dataset.csv,2
f42a50ab_geometry_0058_02,geometry_0058,2,988335251,99.02893344101648,99.02893344101648,4,4,2.5,13.0,92.88939008400484,7.273612704516883,281.8587183883444,16.34915143681291,17.277050174147178,928,929,True,mission_dataset.csv,2
f42a50ab_geometry_0059_02,geometry_0059,2,304912982,165.1408689073497,165.1408689073497,6,6,2.5,13.0,124.88925087299867,10.058071936450318,289.90178102187514,16.297325835216512,17.817797836008744,1248,1249,True,mission_dataset.csv,2
f42a50ab_geometry_0062_02,geometry_0062,2,1196050747,162.26497916937427,162.2649791693743,2,2,2.5,13.0,112.88855355499982,8.919465124853033,284.65991949267607,16.320037148522992,17.47564671959411,1127,1128,True,mission_dataset.csv,2
f42a50ab_geometry_0063_02,geometry_0063,2,568275055,202.94984393883533,202.94984393883536,7,7,2.5,13.0,143.88886024800013,11.6803419583695,292.20943851071326,16.269548376373653,17.987581231093515,1438,1439,True,mission_dataset.csv,2
f42a50ab_geometry_0064_02,geometry_0064,2,2030106617,235.3570253218083,235.35702532180832,7,7,2.5,13.0,156.88789336900663,12.804565989382947,293.9804889088504,16.250408918273692,18.1160008570474,1567,1568,True,mission_dataset.csv,2
f42a50ab_geometry_0065_02,geometry_0065,2,1748309234,205.53910788652053,205.53910788652053,3,3,2.5,13.0,131.88858843699563,10.624839598133248,289.986156378655,16.288353337945136,17.831917676665142,1318,1319,True,mission_dataset.csv,2
f42a50ab_geometry_0067_02,geometry_0067,2,2005855667,156.9953217148686,156.99532171486862,4,4,2.5,13.0,116.88852476899774,9.285633119114191,285.95360784228,16.31299222158101,17.561744661270374,1168,1169,True,mission_dataset.csv,2
f42a50ab_geometry_0068_02,geometry_0068,2,422701550,226.99564077407285,226.99564077407285,8,8,2.5,13.0,156.8896577830019,12.767145130789922,292.9341768872045,16.25157755358801,18.05091737061644,1568,1569,True,mission_dataset.csv,2
f42a50ab_geometry_0071_02,geometry_0071,2,1926780541,110.43342535052984,110.43342535052984,3,3,2.5,13.0,92.88815177299692,7.25495664925253,281.4386871730363,16.349887636201135,17.250775427601685,927,928,True,mission_dataset.csv,2
f42a50ab_geometry_0072_02,geometry_0072,2,1196342297,147.50106237350468,147.50106237350468,3,3,2.5,13.0,108.88965070400444,8.617662764408427,284.87829637861046,16.324719788942783,17.484269574619795,1088,1089,True,mission_dataset.csv,2
f42a50ab_geometry_0073_02,geometry_0073,2,323775634,149.97677374585206,149.97677374585206,5,5,2.5,13.0,113.88907681599812,9.035164216976408,285.56871634104624,16.317198330525038,17.534108449588018,1138,1139,True,mission_dataset.csv,2
f42a50ab_geometry_0075_02,geometry_0075,2,63384488,184.34318303976352,184.34318303976352,2,2,2.5,13.0,120.88962997699856,9.670896403488973,287.9642764093099,16.30538459727348,17.691248551048062,1208,1209,True,mission_dataset.csv,2
f42a50ab_geometry_0076_02,geometry_0076,2,1015242176,228.21871728130043,228.21871728130043,2,2,2.5,13.0,138.8877825879972,11.182099884572375,290.0232288242893,16.279385525486312,17.843522633224598,1387,1388,True,mission_dataset.csv,2
f42a50ab_geometry_0078_02,geometry_0078,2,251837136,218.34406304483448,218.3440630448345,3,3,2.5,13.0,137.88952541800245,11.08410097322268,289.35742222669825,16.281394504826512,17.80100753184535,1378,1379,True,mission_dataset.csv,2
f42a50ab_geometry_0079_02,geometry_0079,2,1676848676,140.63569903630656,140.63569903630656,3,3,2.5,13.0,105.88881035699887,8.394621125664852,285.3656962010609,16.32801966356488,17.510500062439974,1058,1059,True,mission_dataset.csv,2
f42a50ab_geometry_0080_02,geometry_0080,2,1954246074,229.418602592544,229.418602592544,4,4,2.5,13.0,143.88862303199858,11.615849270279556,290.5956759423885,16.271847904515482,17.8865387778913,1438,1439,True,mission_dataset.csv,2
f42a50ab_geometry_0081_02,geometry_0081,2,2090237817,156.91307798258345,156.91307798258345,4,4,2.5,13.0,115.88919829700173,9.25788017842904,287.55900323903575,16.312157816059944,17.6599219068692,1158,1159,True,mission_dataset.csv,2
f42a50ab_geometry_0084_02,geometry_0084,2,215359682,190.5795463034205,190.57954630342053,7,7,2.5,13.0,138.88807697500306,11.257279812877345,291.9731029661989,16.27648205028831,17.96587856040371,1387,1388,True,mission_dataset.csv,2
f42a50ab_geometry_0085_02,geometry_0085,2,676168421,189.77169764245767,189.77169764245767,6,6,2.5,13.0,134.887913948005,10.859650736916956,290.0173395749545,16.28429378600078,17.838478808948985,1347,1348,True,mission_dataset.csv,2
f42a50ab_geometry_0087_02,geometry_0087,2,291889680,200.91959812707472,200.91959812707472,8,8,2.5,13.0,146.8883227460028,11.905037201229284,291.94656966113934,16.265991236923178,17.97551730140658,1467,1468,True,mission_dataset.csv,2
f42a50ab_geometry_0088_02,geometry_0088,2,1734202799,230.0509825418493,230.0509825418493,7,7,2.5,13.0,153.88823657800094,12.558074765165552,293.9452608220434,16.25437009908133,18.10954441650927,1537,1538,True,mission_dataset.csv,2
f42a50ab_geometry_0089_02,geometry_0089,2,1057486868,230.6553803566543,230.6553803566543,2,2,2.5,13.0,139.8889687980045,11.280576321895808,290.2771261795222,16.27771271220951,17.86076439624976,1398,1399,True,mission_dataset.csv,2
f42a50ab_geometry_0090_02,geometry_0090,2,352116052,201.0738387392104,201.0738387392104,6,6,2.5,13.0,138.88840345900098,11.211512819440776,290.5769576222038,16.27818367273538,17.878919697300276,1388,1389,True,mission_dataset.csv,2
f42a50ab_geometry_0092_02,geometry_0092,2,1349409434,125.41332471698924,125.41332471698924,4,4,2.5,13.0,103.88870337299886,8.188228290029876,283.70875329322143,16.33262250971863,17.40567811554131,1038,1039,True,mission_dataset.csv,2
f42a50ab_geometry_0093_02,geometry_0093,2,562117925,122.4983220050166,122.4983220050166,3,3,2.5,13.0,98.88945278699975,7.769605773202613,282.81287467073685,16.34031530675319,17.343498069819354,988,989,True,mission_dataset.csv,2
f42a50ab_geometry_0094_02,geometry_0094,2,1963764597,214.4760567963108,214.4760567963108,7,7,2.5,13.0,148.8881821620016,12.061493250441464,291.61271909469576,16.26377713784345,17.957279601939337,1488,1489,True,mission_dataset.csv,2
f42a50ab_geometry_0095_02,geometry_0095,2,311570307,229.77863976559405,229.77863976559405,4,4,2.5,13.0,144.88755515500088,11.733313099822205,291.50898215244194,16.2693831178548,17.944720047966335,1448,1449,True,mission_dataset.csv,2
f42a50ab_geometry_0096_02,geometry_0096,2,429416213,153.32568361897378,153.32568361897378,2,2,2.5,13.0,107.88861024200014,8.555824000553343,285.4554974066094,16.325385393314168,17.518451889816316,1078,1079,True,mission_dataset.csv,2
f42a50ab_geometry_0098_02,geometry_0098,2,295456419,229.32150047899344,229.3215004789935,3,3,2.5,13.0,141.8894600650019,11.447965567236954,290.4321161114404,16.274794295608704,17.873325864915028,1418,1419,True,mission_dataset.csv,2
f42a50ab_geometry_0099_02,geometry_0099,2,677517496,139.12433419822145,139.12433419822145,3,3,2.5,13.0,105.88855646900628,8.389747156571353,285.20033113796734,16.328187737181235,17.50025452606598,1058,1059,True,mission_dataset.csv,2
f42a50ab_geometry_0100_02,geometry_0100,2,1299301222,220.0493945567769,220.0493945567769,5,5,2.5,13.0,144.88970159800374,11.704711695990186,290.7982378163192,16.270198841766295,17.900593125132175,1448,1449,True,mission_dataset.csv,2
f42a50ab_geometry_0101_02,geometry_0101,2,33599984,238.44991778414231,238.44991778414231,6,6,2.5,13.0,152.8872399489992,12.482525834234732,293.8963631938362,16.255662618703198,18.1051271177726,1528,1529,True,mission_dataset.csv,2
f42a50ab_geometry_0102_02,geometry_0102,2,1285821930,226.83149772831325,226.83149772831325,7,7,2.5,13.0,156.8888468869991,12.795297271899893,293.7672882382661,16.250819033505966,18.102627105884995,1567,1568,True,mission_dataset.csv,2
f42a50ab_geometry_0104_02,geometry_0104,2,459716009,112.62172854035072,112.62172854035072,4,4,2.5,13.0,98.8891296139991,7.723438847121017,281.1329221157075,16.342310225638148,17.23994904385147,988,989,True,mission_dataset.csv,2
f42a50ab_geometry_0105_02,geometry_0105,2,1169726681,207.83210214370675,207.83210214370672,7,7,2.5,13.0,145.89002604900452,11.856298868193072,292.54538352684284,16.266494294729355,18.011267536338305,1458,1459,True,mission_dataset.csv,2
f42a50ab_geometry_0106_02,geometry_0106,2,1472659626,183.09549509235225,183.09549509235225,4,4,2.5,13.0,126.88890360799996,10.140578358971023,287.6733344456774,16.29772971613939,17.68170956481128,1268,1269,True,mission_dataset.csv,2
f42a50ab_geometry_0107_02,geometry_0107,2,1133802214,189.9995406082129,189.9995406082129,3,3,2.5,13.0,125.88905221700406,10.069925678997318,287.93775458714924,16.298803009808868,17.696608042147684,1258,1259,True,mission_dataset.csv,2
f42a50ab_geometry_0108_02,geometry_0108,2,218179599,190.89905780634007,190.89905780634007,6,6,2.5,13.0,134.8882415259941,10.914760349062464,291.4890774921104,16.282384310702543,17.929992151184102,1347,1348,True,mission_dataset.csv,2
f42a50ab_geometry_0109_02,geometry_0109,2,1188332531,181.48551156947107,181.48551156947107,2,2,2.5,13.0,119.88922053200076,9.562511701017591,287.11159303298854,16.30767884942469,17.63704709500522,1198,1199,True,mission_dataset.csv,2
f42a50ab_geometry_0110_02,geometry_0110,2,561866144,80.56731025404517,80.56731025404517,2,2,2.5,13.0,79.88729042100022,6.084680507675912,274.4918638481937,16.375482007076865,16.805500833266287,797,798,True,mission_dataset.csv,2
f42a50ab_geometry_0111_02,geometry_0111,2,693989311,238.5454526756762,238.54545267567616,7,7,2.5,13.0,159.8888961279954,13.028338199045704,293.3186484909307,16.247149590927037,18.07904272700769,1598,1599,True,mission_dataset.csv,2
f42a50ab_geometry_0112_02,geometry_0112,2,1836901321,199.81215685398124,199.8121568539813,7,7,2.5,13.0,139.8886298940051,11.336942608483678,291.7278380806705,16.275337434650066,17.95212969560445,1398,1399,True,mission_dataset.csv,2
f42a50ab_geometry_0117_02,geometry_0117,2,171347175,225.45333437893296,225.45333437893296,4,4,2.5,13.0,143.8885193860042,11.625477656845057,290.83674383777003,16.271531039430833,17.90149362160047,1438,1439,True,mission_dataset.csv,2
f42a50ab_geometry_0119_02,geometry_0119,2,1745377599,175.40114076036858,175.40114076036855,7,7,2.5,13.0,132.88884432300256,10.69668986537234,289.749882225269,16.287002983983072,17.81952555061082,1328,1329,True,mission_dataset.csv,2
f42a50ab_geometry_0121_02,geometry_0121,2,760434128,199.80008482082104,199.80008482082096,8,8,2.5,13.0,145.888611538001,11.825490106334644,291.7849967777467,16.267349657577714,17.964153140900763,1458,1459,True,mission_dataset.csv,2
f42a50ab_geometry_0123_02,geometry_0123,2,1065870178,236.6791625303196,236.67916253031967,8,8,2.5,13.0,160.88845600499917,13.111360484619349,293.3535663077135,16.24568565800147,18.08280257527376,1608,1609,True,mission_dataset.csv,2
f42a50ab_geometry_0124_02,geometry_0124,2,464267175,118.9244893892253,118.92448938922531,4,4,2.5,13.0,97.8892340540042,7.685878885900365,282.6235349150476,16.34171069362434,17.330786063239756,978,979,True,mission_dataset.csv,2
f42a50ab_geometry_0128_02,geometry_0128,2,829486135,83.78630955223224,83.78630955223224,3,3,2.5,13.0,83.88893141599692,6.487844903691079,278.37788426842326,16.365224847350273,17.050512111136364,838,839,True,mission_dataset.csv,2
f42a50ab_geometry_0129_02,geometry_0129,2,298159856,159.39143414372478,159.39143414372478,5,5,2.5,13.0,120.88860131299587,9.634183021292417,286.8717295816854,16.306489622622507,17.624193101554393,1208,1209,True,mission_dataset.csv,2
f42a50ab_geometry_0130_02,geometry_0130,2,1716605598,205.39799965064984,205.39799965064984,8,8,2.5,13.0,147.88838028899772,12.001209851086031,292.3139112758212,16.26426467327691,17.99970189815183,1477,1478,True,mission_dataset.csv,2
f42a50ab_geometry_0131_02,geometry_0131,2,1422277848,238.64277747827472,238.64277747827475,7,7,2.5,13.0,157.88803998000367,12.895940206268207,294.0153683123928,16.24888678484887,18.119714580466848,1578,1579,True,mission_dataset.csv,2
f42a50ab_geometry_0132_02,geometry_0132,2,1121910732,98.45468029622842,98.45468029622845,2,2,2.5,13.0,86.88966724000056,6.681524996302223,276.7912820982893,16.363446120425664,16.956041054257863,868,869,True,mission_dataset.csv,2
f42a50ab_geometry_0133_02,geometry_0133,2,1140169349,172.89435739819325,172.89435739819325,3,3,2.5,13.0,118.88891666899872,9.5251748529024,288.39593928404724,16.30728002312406,17.715651369920742,1188,1189,True,mission_dataset.csv,2
f42a50ab_geometry_0134_02,geometry_0134,2,1866437132,97.34440755435378,97.34440755435378,2,2,2.5,13.0,85.88782481900125,6.657256864154472,278.99626463750525,16.361965843351673,17.090791202604564,858,859,True,mission_dataset.csv,2
f42a50ab_geometry_0135_02,geometry_0135,2,1347233823,200.91048873398944,200.9104887339894,4,4,2.5,13.0,133.88953677099926,10.77539279261342,289.7010246364199,16.2859828399134,17.81717660731015,1338,1339,True,mission_dataset.csv,2
f42a50ab_geometry_0136_02,geometry_0136,2,496694873,192.7450623967372,192.7450623967372,5,5,2.5,13.0,131.88939499400294,10.617733930377,289.791309924752,16.288408669854224,17.820272555482983,1318,1319,True,mission_dataset.csv,2
f42a50ab_geometry_0137_02,geometry_0137,2,816382125,227.940567949344,227.940567949344,5,5,2.5,13.0,147.8884718019981,12.020270107535824,292.5808682262329,16.264002809659946,18.015875206027303,1478,1479,True,mission_dataset.csv,2
f42a50ab_geometry_0138_02,geometry_0138,2,1872852789,102.39166085470528,102.39166085470528,4,4,2.5,13.0,94.88822494399938,7.403844074170236,280.859048824709,16.347853241529556,17.217892095454438,948,949,True,mission_dataset.csv,2
f42a50ab_geometry_0139_02,geometry_0139,2,846259450,163.18725577065368,163.18725577065368,2,2,2.5,13.0,112.88975721099996,8.928446082611563,284.6952575588446,16.319833356791413,17.47796241483058,1128,1129,True,mission_dataset.csv,2
f42a50ab_geometry_0140_02,geometry_0140,2,1418198351,158.1068255459981,158.1068255459981,4,4,2.5,13.0,116.89349132699864,9.306761354770837,286.5933641896568,16.3121607334212,17.60130839990221,1168,1169,True,mission_dataset.csv,2
f42a50ab_geometry_0143_02,geometry_0143,2,1728296502,197.4042894205836,197.40428942058367,7,7,2.5,13.0,141.88775312199868,11.45415551077564,290.58990480949666,16.27426996425981,17.88395305452284,1418,1419,True,mission_dataset.csv,2
f42a50ab_geometry_0144_02,geometry_0144,2,546696950,189.2871745818682,189.2871745818682,7,7,2.5,13.0,138.8896914479992,11.205864431928855,290.4305979092058,16.278373703156728,17.869977955485822,1388,1389,True,mission_dataset.csv,2
f42a50ab_geometry_0145_02,geometry_0145,2,1628416575,147.27141340366532,147.27141340366532,3,3,2.5,13.0,108.88774878899858,8.64105574387895,285.6523035393198,16.323784969179208,17.53226768510045,1088,1089,True,mission_dataset.csv,2
f42a50ab_geometry_0146_02,geometry_0146,2,747441732,221.86568833144008,221.86568833144008,7,7,2.5,13.0,150.8876534019946,12.299136579995094,293.6109795705555,16.258708966505623,18.084568552099743,1507,1508,True,mission_dataset.csv,2
f42a50ab_geometry_0147_02,geometry_0147,2,1744079573,198.6341044671177,198.6341044671177,6,6,2.5,13.0,139.8892727429993,11.280242192921609,290.2686438475744,16.277406046269533,17.86102883635439,1398,1399,True,mission_dataset.csv,2
f42a50ab_geometry_0149_02,geometry_0149,2,1384049914,126.26630662310043,126.26630662310043,4,4,2.5,13.0,103.88920741400216,8.199996012911237,284.11679981717685,16.332092200711557,17.4308465484017,1038,1039,True,mission_dataset.csv,2
f42a50ab_geometry_0150_02,geometry_0150,2,917840538,173.01432202055437,173.01432202055437,5,5,2.5,13.0,124.88775669399912,10.05359944754701,289.7730108993391,16.297498757978552,17.80965529673929,1248,1249,True,mission_dataset.csv,2
f42a50ab_geometry_0152_02,geometry_0152,2,1439622619,174.10527864420877,174.10527864420877,7,7,2.5,13.0,131.8887751660004,10.662301657988849,291.0081543009159,16.286702096055546,17.896352934054438,1318,1319,True,mission_dataset.csv,2
f42a50ab_geometry_0153_02,geometry_0153,2,1008752943,210.94775432586627,210.9477543258663,2,2,2.5,13.0,130.88893603900215,10.546673641055923,290.0514671999881,16.28969596414005,17.834430448824754,1308,1309,True,mission_dataset.csv,2
f42a50ab_geometry_0154_02,geometry_0154,2,855256552,190.3502014292339,190.3502014292339,7,7,2.5,13.0,138.8891522699996,11.193228565714996,290.1031253051349,16.278809284460124,17.849531600867312,1388,1389,True,mission_dataset.csv,2
f42a50ab_geometry_0155_02,geometry_0155,2,1051590706,83.90806203629222,83.90806203629224,3,3,2.5,13.0,83.88909635800519,6.425945154985686,275.7221720098785,16.368614615075494,16.886698058689806,838,839,True,mission_dataset.csv,2
f42a50ab_geometry_0156_02,geometry_0156,2,312794864,193.3528767672816,193.3528767672816,5,5,2.5,13.0,133.89004341200052,10.79498489506548,290.2288444440191,16.285221873333956,17.850193791859315,1338,1339,True,mission_dataset.csv,2
f42a50ab_geometry_0158_02,geometry_0158,2,2123333781,218.1375060353164,218.1375060353164,7,7,2.5,13.0,149.88903578600002,12.157027776997472,292.15551460808604,16.261942016744168,17.992396137539114,1497,1498,True,mission_dataset.csv,2
f42a50ab_geometry_0160_02,geometry_0160,2,457788949,233.30114714028105,233.30114714028096,8,8,2.5,13.0,158.8881190710017,13.005368950466874,294.6441750531369,16.246692405398196,18.16059115755532,1588,1589,True,mission_dataset.csv,2
f42a50ab_geometry_0161_02,geometry_0161,2,755427535,212.40701730925124,212.40701730925124,8,8,2.5,13.0,150.88841121799487,12.24132332169386,292.03730946016304,16.260515688269876,17.98675901226507,1508,1509,True,mission_dataset.csv,2
f42a50ab_geometry_0163_02,geometry_0163,2,521231222,169.18492704534324,169.18492704534324,2,2,2.5,13.0,114.88894915200216,9.167658633354224,287.2341691444403,16.314119166348476,17.637945610647282,1148,1149,True,mission_dataset.csv,2
f42a50ab_geometry_0165_02,geometry_0165,2,1362784338,206.2414957816024,206.2414957816024,7,7,2.5,13.0,144.8870839989977,11.733110661706965,291.5029660556967,16.2690656660671,17.94503758879079,1448,1449,True,mission_dataset.csv,2
f42a50ab_geometry_0166_02,geometry_0166,2,1832837596,234.78844443890097,234.7884444389009,8,8,2.5,13.0,158.8895086699995,13.0121240926715,294.797376917225,16.246515562130718,18.17008761728219,1588,1589,True,mission_dataset.csv,2
f42a50ab_geometry_0167_02,geometry_0167,2,1915184358,235.52902706189343,235.52902706189343,8,8,2.5,13.0,158.88850948400068,13.004200902753244,294.6179685112082,16.246706241778114,18.15892344030046,1588,1589,True,mission_dataset.csv,2
f42a50ab_geometry_0169_02,geometry_0169,2,1061886576,151.10298581580233,151.10298581580236,5,5,2.5,13.0,116.8893862499972,9.330426865042211,287.33247873142534,16.311129937934712,17.64739048604314,1168,1169,True,mission_dataset.csv,2
f42a50ab_geometry_0170_02,geometry_0170,2,2081328344,222.6077489652555,222.60774896525552,8,8,2.5,13.0,155.8881987929999,12.67028556002089,292.5763623534536,16.253413886118576,18.027234969255613,1558,1559,True,mission_dataset.csv,2
f42a50ab_geometry_0171_02,geometry_0171,2,1889238423,185.2257021946536,185.2257021946536,7,7,2.5,13.0,136.88885722099803,11.080131646656032,291.36678583661137,16.27981158605538,17.925514543147376,1368,1369,True,mission_dataset.csv,2
f42a50ab_geometry_0173_02,geometry_0173,2,346078411,144.36204527346922,144.36204527346922,4,4,2.5,13.0,112.88791390100232,9.008696464750038,287.50875177253664,16.316230359652362,17.652659140097914,1127,1128,True,mission_dataset.csv,2
f42a50ab_geometry_0174_02,geometry_0174,2,1645124051,104.13290528209386,104.13290528209386,3,3,2.5,13.0,91.88909396000236,7.178309696539478,281.1922058551583,16.351352274482736,17.23431951462639,918,919,True,mission_dataset.csv,2
f42a50ab_geometry_0175_02,geometry_0175,2,918920620,179.00197919355466,179.00197919355466,7,7,2.5,13.0,134.8894216780027,10.860884852659373,289.83631311240686,16.284346948825846,17.827575575195812,1348,1349,True,mission_dataset.csv,2
f42a50ab_geometry_0177_02,geometry_0177,2,267429212,188.7287331217105,188.7287331217105,6,6,2.5,13.0,133.88827585400577,10.833639577601849,291.2676438658129,16.283900703219356,17.915025694619885,1338,1339,True,mission_dataset.csv,2
f42a50ab_geometry_0178_02,geometry_0178,2,1672790155,213.262587094478,213.262587094478,3,3,2.5,13.0,134.88871939600358,10.909517552503177,291.13375668007376,16.282968152090742,17.907419897825786,1348,1349,True,mission_dataset.csv,2
f42a50ab_geometry_0179_02,geometry_0179,2,83889094,220.0358118818028,220.03581188180283,8,8,2.5,13.0,153.88833270600298,12.52131272643764,292.8941815820256,16.255470572081844,18.044379071141893,1538,1539,True,mission_dataset.csv,2
f42a50ab_geometry_0180_02,geometry_0180,2,1633724084,234.2715202923756,234.2715202923755,8,8,2.5,13.0,158.88894037499995,12.981949804500774,294.1136173972127,16.24746207878828,18.127469693124763,1588,1589,True,mission_dataset.csv,2
f42a50ab_geometry_0181_02,geometry_0181,2,1510792572,120.70753003007916,120.70753003007916,5,5,2.5,13.0,104.88824086199747,8.323351225902028,285.9141953464166,16.32858668756849,17.543539666190373,1047,1048,True,mission_dataset.csv,2
f42a50ab_geometry_0182_02,geometry_0182,2,1799682701,204.50041800855155,204.5004180085516,4,4,2.5,13.0,134.8881686629975,10.904328431516298,291.2104523556219,16.282953290628043,17.912202823498127,1347,1348,True,mission_dataset.csv,2
